-- ============================================================================
-- CICTrix full data reset from RSP HRMO Dataset Report (generated).
-- Additive schema only (new tables + NULLABLE columns) — no existing
-- table/column is dropped or altered destructively, so app code keeps working.
-- Then TRUNCATE ... CASCADE wipes ALL data and reloads the dataset.
-- Run this once in the Supabase SQL Editor. Back up first — this is destructive.
-- ============================================================================

-- New reference tables (natural text IDs, no FK remap needed).
CREATE TABLE IF NOT EXISTS divisions (
  id            text PRIMARY KEY,
  department_id text,
  department    text,
  division_name text
);
CREATE TABLE IF NOT EXISTS archives (
  id              text PRIMARY KEY,
  record_type     text,
  name            text,
  gender          text,
  related_position text,
  department      text,
  final_status    text,
  date_archived   date
);
CREATE TABLE IF NOT EXISTS applicant_scores (
  id               uuid PRIMARY KEY DEFAULT gen_random_uuid(),
  applicant_ref    text,
  job_ref          text,
  applicant_name   text,
  exam_schedule    text,
  interview_schedule text,
  educ             integer,
  exp              integer,
  perf             integer,
  written          integer,
  potential        integer,
  pcpt             integer,
  oral             integer,
  overall_rating   numeric(4,2),
  status           text
);
CREATE TABLE IF NOT EXISTS exam_interview_schedules (
  id             uuid PRIMARY KEY DEFAULT gen_random_uuid(),
  job_ref        text,
  applicant_ref  text,
  applicant_name text,
  schedule_type  text,
  sched_date     date,
  sched_time     text,
  venue          text
);

-- Nullable columns added to existing tables to fit the dataset.
ALTER TABLE departments  ADD COLUMN IF NOT EXISTS department_head_name text;
ALTER TABLE job_postings ADD COLUMN IF NOT EXISTS division text;
ALTER TABLE job_postings ADD COLUMN IF NOT EXISTS supervisor text;
ALTER TABLE job_postings ADD COLUMN IF NOT EXISTS salary_grade text;
ALTER TABLE job_postings ADD COLUMN IF NOT EXISTS employment_status text;
ALTER TABLE job_postings ADD COLUMN IF NOT EXISTS no_of_vacancies integer;
ALTER TABLE job_postings ADD COLUMN IF NOT EXISTS date_posted date;
ALTER TABLE job_postings ADD COLUMN IF NOT EXISTS application_deadline date;
ALTER TABLE applicants   ADD COLUMN IF NOT EXISTS applicant_ref text;
ALTER TABLE applicants   ADD COLUMN IF NOT EXISTS additional_months integer;
ALTER TABLE employees    ADD COLUMN IF NOT EXISTS division text;
ALTER TABLE employees    ADD COLUMN IF NOT EXISTS highest_educational_attainment text;
ALTER TABLE employees    ADD COLUMN IF NOT EXISTS eligibility text;

-- Frontend anon client access for the new tables (matches existing pattern).
ALTER TABLE divisions DISABLE ROW LEVEL SECURITY;
GRANT SELECT, INSERT, UPDATE, DELETE ON divisions TO authenticated, anon;
ALTER TABLE archives DISABLE ROW LEVEL SECURITY;
GRANT SELECT, INSERT, UPDATE, DELETE ON archives TO authenticated, anon;
ALTER TABLE applicant_scores DISABLE ROW LEVEL SECURITY;
GRANT SELECT, INSERT, UPDATE, DELETE ON applicant_scores TO authenticated, anon;
ALTER TABLE exam_interview_schedules DISABLE ROW LEVEL SECURITY;
GRANT SELECT, INSERT, UPDATE, DELETE ON exam_interview_schedules TO authenticated, anon;

BEGIN;

-- Full reset: wipe every data table (CASCADE clears dependents too).
TRUNCATE access_change_audit, applicant_attachments, applicant_scores, applicants, archives, assignments, competencies, competency_change_log, competency_dictionary, competency_requirement_proposals, cycle_compilations, departments, departments_backfill_audit, divisions, employee_competencies, employee_documents, employee_education, employee_eligibility, employee_history, employee_leave_balances, employee_portal_accounts, employee_settings, employee_training, employee_work_experience, employees, evaluation_cycles, evaluations, exam_interview_schedules, ipcr_notifications, ipcr_performance, ipcr_submissions, job_postings, jobs, locked_targets, new_entrant_onboarding, newly_hired, office_cycle_closeouts, office_role_assignments, performance_cycles, performance_evaluations, phase_schedules, pm_lnd_reports, policy_audit, position_competency_requirements, qualification_standards, raters, supervisor_password_resets, supervisors, training_enrollments, training_programs, training_requests, training_sessions, trainings, user_roles RESTART IDENTITY CASCADE;

-- departments (5)
INSERT INTO departments (code, name, department_head_name, is_active) VALUES
  ('CITY ACCOUNTANT', 'Office of the City Accountant', 'Cartagena', TRUE),
  ('OCSWDO', 'Office of the City Social Welfare and Development Officer', 'Gelogo', TRUE),
  ('CITY ENGINEER''S', 'Office of the City Engineer', 'Señoron', TRUE),
  ('OCGSO', 'Office of the City General Services Officer', 'Muyuela', TRUE),
  ('CITY HEALTH', 'City Health Office', 'Poli-Diaz', TRUE);

-- divisions (20)
INSERT INTO divisions (id, department_id, department, division_name) VALUES
  ('DIV-001', 'DEPT-001', 'Office of the City Accountant', 'Office of the Department Head (Administrative Division)'),
  ('DIV-002', 'DEPT-001', 'Office of the City Accountant', 'General Accounting Division'),
  ('DIV-003', 'DEPT-001', 'Office of the City Accountant', 'Budget and Disbursement Division'),
  ('DIV-004', 'DEPT-001', 'Office of the City Accountant', 'Financial Reporting and Reconciliation Division'),
  ('DIV-005', 'DEPT-002', 'Office of the City Social Welfare and Development Officer', 'Office of the Department Head (Administrative Division)'),
  ('DIV-006', 'DEPT-002', 'Office of the City Social Welfare and Development Officer', 'Child and Youth Welfare Division'),
  ('DIV-007', 'DEPT-002', 'Office of the City Social Welfare and Development Officer', 'Family and Community Welfare Division'),
  ('DIV-008', 'DEPT-002', 'Office of the City Social Welfare and Development Officer', 'Persons with Disability and Senior Citizens Affairs Division'),
  ('DIV-009', 'DEPT-003', 'Office of the City Engineer', 'Office of the Department Head (Administrative Division)'),
  ('DIV-010', 'DEPT-003', 'Office of the City Engineer', 'Building and Structural Design Division'),
  ('DIV-011', 'DEPT-003', 'Office of the City Engineer', 'Infrastructure and Construction Division'),
  ('DIV-012', 'DEPT-003', 'Office of the City Engineer', 'Architectural Planning Division'),
  ('DIV-013', 'DEPT-004', 'Office of the City General Services Officer', 'Office of the Department Head (Administrative Division)'),
  ('DIV-014', 'DEPT-004', 'Office of the City General Services Officer', 'Property and Supply Management Division'),
  ('DIV-015', 'DEPT-004', 'Office of the City General Services Officer', 'Motor Pool and Equipment Division'),
  ('DIV-016', 'DEPT-004', 'Office of the City General Services Officer', 'General Utility and Maintenance Division'),
  ('DIV-017', 'DEPT-005', 'City Health Office', 'Office of the Department Head (Administrative Division)'),
  ('DIV-018', 'DEPT-005', 'City Health Office', 'Medical Services Division'),
  ('DIV-019', 'DEPT-005', 'City Health Office', 'Public Health and Sanitation Division'),
  ('DIV-020', 'DEPT-005', 'City Health Office', 'Nursing and Community Health Division');

-- job_postings (30)
INSERT INTO job_postings (item_number, title, department, office, division, supervisor, salary_grade, employment_status, no_of_vacancies, date_posted, application_deadline, status) VALUES
  ('PLANTILLA-2024-001', 'Accountant II', 'Office of the City Accountant', 'Office of the City Accountant', 'General Accounting Division', 'Cartagena', 'SG-19', 'Permanent', 1, '2026-05-11', '2026-05-26', 'Closed - Under Evaluation'),
  ('PLANTILLA-2024-002', 'Administrative Officer V', 'Office of the City Accountant', 'Office of the City Accountant', 'Budget and Disbursement Division', 'Sabando', 'SG-18', 'Permanent', 1, '2026-04-08', '2026-04-23', 'Closed - Under Evaluation'),
  ('PLANTILLA-2024-003', 'Accountant III', 'Office of the City Accountant', 'Office of the City Accountant', 'General Accounting Division', 'Cartagena', 'SG-21', 'Permanent', 1, '2026-04-02', '2026-04-17', 'Closed - Under Evaluation'),
  ('PLANTILLA-2024-004', 'IT Officer II', 'Office of the City Accountant', 'Office of the City Accountant', 'Office of the Department Head (Administrative Division)', 'N/A (Directly under Department Head)', 'SG-19', 'Permanent', 1, '2026-04-18', '2026-05-03', 'Closed - Under Evaluation'),
  ('PLANTILLA-2024-005', 'Accountant III', 'Office of the City Accountant', 'Office of the City Accountant', 'Financial Reporting and Reconciliation Division', 'Pasandalan', 'SG-21', 'Permanent', 1, '2026-04-16', '2026-05-01', 'Closed - Under Evaluation'),
  ('PLANTILLA-2024-006', 'Supervising Administrative Officer', 'Office of the City Accountant', 'Office of the City Accountant', 'Budget and Disbursement Division', 'Trespeses', 'SG-22', 'Permanent', 1, '2026-04-15', '2026-04-30', 'Closed - Under Evaluation'),
  ('PLANTILLA-2024-007', 'Assistant City Accountant', 'Office of the City Accountant', 'Office of the City Accountant', 'Office of the Department Head (Administrative Division)', 'Lopez', 'SG-24', 'Permanent', 1, '2026-04-09', '2026-04-24', 'Closed - Under Evaluation'),
  ('PLANTILLA-2024-008', 'Administrative Officer II', 'Office of the City Social Welfare and Development Officer', 'Office of the City Social Welfare and Development Officer', 'Office of the Department Head (Administrative Division)', 'Niño Jr', 'SG-10', 'Permanent', 1, '2026-04-07', '2026-04-22', 'Closed - Under Evaluation'),
  ('PLANTILLA-2024-009', 'Social Welfare Officer III', 'Office of the City Social Welfare and Development Officer', 'Office of the City Social Welfare and Development Officer', 'Child and Youth Welfare Division', 'Gelogo', 'SG-18', 'Permanent', 1, '2026-05-14', '2026-05-29', 'Closed - Under Evaluation'),
  ('PLANTILLA-2024-010', 'Social Welfare Officer III', 'Office of the City Social Welfare and Development Officer', 'Office of the City Social Welfare and Development Officer', 'Family and Community Welfare Division', 'Gelogo', 'SG-18', 'Permanent', 1, '2026-05-05', '2026-05-20', 'Closed - Under Evaluation'),
  ('PLANTILLA-2024-011', 'Social Welfare Officer III', 'Office of the City Social Welfare and Development Officer', 'Office of the City Social Welfare and Development Officer', 'Persons with Disability and Senior Citizens Affairs Division', 'Gelogo', 'SG-18', 'Permanent', 1, '2026-04-06', '2026-04-21', 'Closed - Under Evaluation'),
  ('PLANTILLA-2024-012', 'Supervising Administrative Officer', 'Office of the City Social Welfare and Development Officer', 'Office of the City Social Welfare and Development Officer', 'Family and Community Welfare Division', 'Gison', 'SG-22', 'Permanent', 1, '2026-05-08', '2026-05-23', 'Closed - Under Evaluation'),
  ('PLANTILLA-2024-013', 'Supervising Administrative Officer', 'Office of the City Social Welfare and Development Officer', 'Office of the City Social Welfare and Development Officer', 'Persons with Disability and Senior Citizens Affairs Division', 'Gison', 'SG-22', 'Permanent', 1, '2026-04-28', '2026-05-13', 'Closed - Under Evaluation'),
  ('PLANTILLA-2024-014', 'Assistant City Social Welfare and Development Officer', 'Office of the City Social Welfare and Development Officer', 'Office of the City Social Welfare and Development Officer', 'Office of the Department Head (Administrative Division)', 'Gelogo', 'SG-24', 'Permanent', 1, '2026-04-03', '2026-04-18', 'Closed - Under Evaluation'),
  ('PLANTILLA-2024-015', 'Engineer I', 'Office of the City Engineer', 'Office of the City Engineer', 'Infrastructure and Construction Division', 'Macahilo', 'SG-15', 'Permanent', 1, '2026-04-02', '2026-04-17', 'Closed - Under Evaluation'),
  ('PLANTILLA-2024-016', 'Architect IV', 'Office of the City Engineer', 'Office of the City Engineer', 'Architectural Planning Division', 'Debuque Jr.', 'SG-22', 'Permanent', 1, '2026-04-06', '2026-04-21', 'Closed - Under Evaluation'),
  ('PLANTILLA-2024-017', 'Engineer IV', 'Office of the City Engineer', 'Office of the City Engineer', 'Infrastructure and Construction Division', 'Señoron', 'SG-22', 'Permanent', 1, '2026-04-14', '2026-04-29', 'Closed - Under Evaluation'),
  ('PLANTILLA-2024-018', 'Administrative Officer I', 'Office of the City Engineer', 'Office of the City Engineer', 'Office of the Department Head (Administrative Division)', 'Ipedro', 'SG-08', 'Permanent', 1, '2026-04-15', '2026-04-30', 'Closed - Under Evaluation'),
  ('PLANTILLA-2024-019', 'Engineer II', 'Office of the City Engineer', 'Office of the City Engineer', 'Building and Structural Design Division', 'Debuque Jr.', 'SG-18', 'Permanent', 1, '2026-05-03', '2026-05-18', 'Closed - Under Evaluation'),
  ('PLANTILLA-2024-020', 'Engineer IV', 'Office of the City Engineer', 'Office of the City Engineer', 'Building and Structural Design Division', 'Debuque Jr.', 'SG-22', 'Permanent', 1, '2026-05-09', '2026-05-24', 'Closed - Under Evaluation'),
  ('PLANTILLA-2024-021', 'City Government Assistant Department Head II', 'Office of the City Engineer', 'Office of the City Engineer', 'Office of the Department Head (Administrative Division)', 'Señoron', 'SG-25', 'Permanent', 1, '2026-04-02', '2026-04-17', 'Closed - Under Evaluation'),
  ('PLANTILLA-2024-022', 'Administrative Officer III', 'Office of the City General Services Officer', 'Office of the City General Services Officer', 'Office of the Department Head (Administrative Division)', 'Muyuela', 'SG-11', 'Permanent', 1, '2026-05-06', '2026-05-21', 'Closed - Under Evaluation'),
  ('PLANTILLA-2024-023', 'Public Services Officer III', 'Office of the City General Services Officer', 'Office of the City General Services Officer', 'General Utility and Maintenance Division', 'Muyuela', 'SG-18', 'Permanent', 1, '2026-04-13', '2026-04-28', 'Closed - Under Evaluation'),
  ('PLANTILLA-2024-024', 'Administrative Officer V', 'Office of the City General Services Officer', 'Office of the City General Services Officer', 'Office of the Department Head (Administrative Division)', 'Muyuela', 'SG-18', 'Permanent', 1, '2026-05-12', '2026-05-27', 'Closed - Under Evaluation'),
  ('PLANTILLA-2024-025', 'Public Services Officer IV', 'Office of the City General Services Officer', 'Office of the City General Services Officer', 'General Utility and Maintenance Division', 'Muyuela', 'SG-20', 'Permanent', 1, '2026-05-15', '2026-05-30', 'Closed - Under Evaluation'),
  ('PLANTILLA-2024-026', 'Administrative Officer III', 'Office of the City General Services Officer', 'Office of the City General Services Officer', 'Property and Supply Management Division', 'Abcede', 'SG-11', 'Permanent', 1, '2026-05-05', '2026-05-20', 'Closed - Under Evaluation'),
  ('PLANTILLA-2024-027', 'Administrative Officer V', 'Office of the City General Services Officer', 'Office of the City General Services Officer', 'Motor Pool and Equipment Division', 'Muyuela', 'SG-18', 'Permanent', 1, '2026-04-27', '2026-05-12', 'Closed - Under Evaluation'),
  ('PLANTILLA-2024-028', 'City Government Assistant Department Head II', 'Office of the City General Services Officer', 'Office of the City General Services Officer', 'Office of the Department Head (Administrative Division)', 'Ravena', 'SG-25', 'Permanent', 1, '2026-04-15', '2026-04-30', 'Closed - Under Evaluation'),
  ('PLANTILLA-2024-029', 'Assistant Department Head II', 'City Health Office', 'City Health Office', 'Office of the Department Head (Administrative Division)', 'Poli-Diaz', 'SG-24', 'Permanent', 1, '2026-04-29', '2026-05-14', 'Closed - Under Evaluation'),
  ('PLANTILLA-2024-030', 'Medical Officer IV', 'City Health Office', 'City Health Office', 'Medical Services Division', 'Poli-Diaz', 'SG-24', 'Permanent', 1, '2026-05-08', '2026-05-23', 'Closed - Under Evaluation');

-- employees (25)
INSERT INTO employees (employee_number, first_name, middle_name, last_name, sex, position, department, division, employment_status, date_hired, email, phone, current_address_barangay, current_address_city, current_address_province, civil_status, highest_educational_attainment, eligibility, status) VALUES
  ('EMP-2021-001', 'Julius', 'Camino', 'Naguit', 'Male', 'City Accountant', 'Office of the City Accountant', 'Office of the Department Head (Administrative Division)', 'Co-terminous', '2017-07-24', 'julius.naguit66@gmail.com', '9101738833', 'Bolo', 'Roxas City', 'Capiz', 'Single', 'Graduate School', 'CSC Sub-Professional', 'Active'),
  ('EMP-2021-002', 'Mark Anthony', 'Solinap', 'Sonza', 'Male', 'Accountant I', 'Office of the City Accountant', 'Office of the Department Head (Administrative Division)', 'Permanent', '2019-04-18', 'mark.sonza23@gmail.com', '9148035849', 'Punta Tabuc', 'Roxas City', 'Capiz', NULL, NULL, NULL, 'Active'),
  ('EMP-2021-003', 'Michelle', 'Ledesma', 'Nava', 'Female', 'Bookkeeper II', 'Office of the City Accountant', 'Office of the Department Head (Administrative Division)', 'Permanent', '2018-01-16', 'michelle.nava74@gmail.com', '9573003215', 'Culasi', 'Roxas City', 'Capiz', NULL, NULL, NULL, 'Active'),
  ('EMP-2021-004', 'Jerome', 'Padilla', 'Camino', 'Male', 'Administrative Aide VI', 'Office of the City Accountant', 'Office of the Department Head (Administrative Division)', 'Permanent', '2015-07-08', 'jerome.camino9@gmail.com', '9695736323', 'Lawaan', 'Roxas City', 'Capiz', NULL, NULL, NULL, 'Active'),
  ('EMP-2021-005', 'Jennifer', 'Distura', 'Alarcon', 'Female', 'Accounting Clerk III', 'Office of the City Accountant', 'Office of the Department Head (Administrative Division)', 'Permanent', '2015-02-02', 'jennifer.alarcon26@gmail.com', '9476098752', 'Punta Tabuc', 'Roxas City', 'Capiz', NULL, NULL, NULL, 'Active'),
  ('EMP-2021-006', 'Liezel', 'Camino', 'Salazar', 'Female', 'City Social Welfare and Development Officer', 'Office of the City Social Welfare and Development Officer', 'Office of the Department Head (Administrative Division)', 'Co-terminous', '2017-03-11', 'liezel.salazar70@gmail.com', '9413526084', 'Bolo', 'Roxas City', 'Capiz', 'Single', 'Masteral Units', 'CSC Sub-Professional', 'Active'),
  ('EMP-2021-007', 'Maria', 'Alarcon', 'Arnaiz', 'Female', 'Social Welfare Officer II', 'Office of the City Social Welfare and Development Officer', 'Office of the Department Head (Administrative Division)', 'Co-terminous', '2018-11-19', 'maria.arnaiz89@gmail.com', '9116620658', 'Bolo', 'Roxas City', 'Capiz', NULL, NULL, NULL, 'Active'),
  ('EMP-2021-008', 'Aiza', 'Cordova', 'Escosio', 'Female', 'Day Care Worker II', 'Office of the City Social Welfare and Development Officer', 'Office of the Department Head (Administrative Division)', 'Permanent', '2016-03-01', 'aiza.escosio68@gmail.com', '9408043341', 'Adlawan', 'Roxas City', 'Capiz', NULL, NULL, NULL, 'Active'),
  ('EMP-2021-009', 'Ariel', 'Nava', 'Sarabia', 'Male', 'Community Affairs Officer I', 'Office of the City Social Welfare and Development Officer', 'Office of the Department Head (Administrative Division)', 'Permanent', '2016-01-17', 'ariel.sarabia30@gmail.com', '9767929943', 'Pueblo', 'Roxas City', 'Capiz', NULL, NULL, NULL, 'Active'),
  ('EMP-2021-010', 'Alma', 'Bernal', 'Belmonte', 'Female', 'Administrative Aide IV', 'Office of the City Social Welfare and Development Officer', 'Office of the Department Head (Administrative Division)', 'Co-terminous', '2016-01-27', 'alma.belmonte18@gmail.com', '9917616116', 'Dumolog', 'Roxas City', 'Capiz', NULL, NULL, NULL, 'Active'),
  ('EMP-2021-011', 'Dennis', 'Gorriceta', 'Divinagracia', 'Male', 'City Engineer', 'Office of the City Engineer', 'Office of the Department Head (Administrative Division)', 'Permanent', '2017-08-27', 'dennis.divinagracia34@gmail.com', '9507592651', 'Cabugao', 'Roxas City', 'Capiz', 'Single', 'College Graduate', 'RA 1080 (Board Passer)', 'Active'),
  ('EMP-2021-012', 'Jonalyn', 'Sonza', 'Betita', 'Female', 'Engineering Assistant', 'Office of the City Engineer', 'Office of the Department Head (Administrative Division)', 'Permanent', '2015-11-02', 'jonalyn.betita18@gmail.com', '9842828260', 'Milibili', 'Roxas City', 'Capiz', NULL, NULL, NULL, 'Active'),
  ('EMP-2021-013', 'Ferdinand', 'Arnaiz', 'Alarcon', 'Male', 'Draftsman II', 'Office of the City Engineer', 'Office of the Department Head (Administrative Division)', 'Permanent', '2018-07-10', 'ferdinand.alarcon16@gmail.com', '9787011065', 'Cogon', 'Roxas City', 'Capiz', NULL, NULL, NULL, 'Active'),
  ('EMP-2021-014', 'Katrina', 'Arnaiz', 'Legaspi', 'Female', 'Construction and Maintenance Man', 'Office of the City Engineer', 'Office of the Department Head (Administrative Division)', 'Permanent', '2016-05-06', 'katrina.legaspi21@gmail.com', '9976103880', 'Culasi', 'Roxas City', 'Capiz', NULL, NULL, NULL, 'Active'),
  ('EMP-2021-015', 'Carlo', 'Legaspi', 'Nava', 'Male', 'Administrative Aide III', 'Office of the City Engineer', 'Office of the Department Head (Administrative Division)', 'Permanent', '2016-08-30', 'carlo.nava92@gmail.com', '9416968373', 'San Jose', 'Roxas City', 'Capiz', NULL, NULL, NULL, 'Active'),
  ('EMP-2021-016', 'Alvin', 'Divinagracia', 'Legaspi', 'Male', 'City General Services Officer', 'Office of the City General Services Officer', 'Office of the Department Head (Administrative Division)', 'Permanent', '2016-12-13', 'alvin.legaspi52@gmail.com', '9675191831', 'Liong', 'Roxas City', 'Capiz', 'Married', 'Graduate School', 'CSC Sub-Professional', 'Active'),
  ('EMP-2021-017', 'Grace', 'Padilla', 'Divinagracia', 'Female', 'Warehouseman I', 'Office of the City General Services Officer', 'Office of the Department Head (Administrative Division)', 'Permanent', '2016-05-12', 'grace.divinagracia8@gmail.com', '9383193037', 'Cogon', 'Roxas City', 'Capiz', NULL, NULL, NULL, 'Active'),
  ('EMP-2021-018', 'Liezel', 'Gorriceta', 'Pacete', 'Female', 'Motor Pool Dispatcher', 'Office of the City General Services Officer', 'Office of the Department Head (Administrative Division)', 'Co-terminous', '2021-07-13', 'liezel.pacete34@gmail.com', '9191365746', 'Dumolog', 'Roxas City', 'Capiz', NULL, NULL, NULL, 'Active'),
  ('EMP-2021-019', 'Julius', 'Betita', 'Tupas', 'Male', 'Utility Foreman', 'Office of the City General Services Officer', 'Office of the Department Head (Administrative Division)', 'Permanent', '2016-06-11', 'julius.tupas43@gmail.com', '9251716325', 'Tiza', 'Roxas City', 'Capiz', NULL, NULL, NULL, 'Active'),
  ('EMP-2021-020', 'Ferdinand', 'Cabusas', 'Palma', 'Male', 'Administrative Aide II', 'Office of the City General Services Officer', 'Office of the Department Head (Administrative Division)', 'Co-terminous', '2019-11-10', 'ferdinand.palma51@gmail.com', '9731494630', 'San Jose', 'Roxas City', 'Capiz', NULL, NULL, NULL, 'Active'),
  ('EMP-2021-021', 'Cristina', 'Palma', 'Distura', 'Female', 'City Health Officer', 'City Health Office', 'Office of the Department Head (Administrative Division)', 'Permanent', '2017-02-05', 'cristina.distura36@gmail.com', '9673493621', 'Culasi', 'Roxas City', 'Capiz', 'Married', 'College Graduate', 'CSC Professional', 'Active'),
  ('EMP-2021-022', 'Rommel', 'Divinagracia', 'Salazar', 'Male', 'Public Health Nurse II', 'City Health Office', 'Office of the Department Head (Administrative Division)', 'Co-terminous', '2019-08-15', 'rommel.salazar62@gmail.com', '9172471723', 'Baybay', 'Roxas City', 'Capiz', NULL, NULL, NULL, 'Active'),
  ('EMP-2021-023', 'Rosalie', 'Ledesma', 'Solinap', 'Female', 'Midwife II', 'City Health Office', 'Office of the Department Head (Administrative Division)', 'Co-terminous', '2022-03-17', 'rosalie.solinap32@gmail.com', '9901327658', 'San Jose', 'Roxas City', 'Capiz', NULL, NULL, NULL, 'Active'),
  ('EMP-2021-024', 'Rachel', 'Distura', 'Salazar', 'Female', 'Sanitation Inspector I', 'City Health Office', 'Office of the Department Head (Administrative Division)', 'Co-terminous', '2018-11-10', 'rachel.salazar65@gmail.com', '9517515956', 'Baybay', 'Roxas City', 'Capiz', NULL, NULL, NULL, 'Active'),
  ('EMP-2021-025', 'Juan', 'Fernandez', 'Ledesma', 'Male', 'Medical Technologist II', 'City Health Office', 'Office of the Department Head (Administrative Division)', 'Permanent', '2017-06-16', 'juan.ledesma36@gmail.com', '9178913550', 'Pueblo', 'Roxas City', 'Capiz', NULL, NULL, NULL, 'Active');

-- archives (20)
INSERT INTO archives (id, record_type, name, gender, related_position, department, final_status, date_archived) VALUES
  ('ARCHIVE-2025-001', 'Applicant (Past Recruitment Cycle)', 'Rodel Solinap Delgado', 'Male', 'Social Welfare Officer III', 'City Health Office', 'Position Filled by Another Applicant', '2025-03-08'),
  ('ARCHIVE-2025-002', 'Applicant (Past Recruitment Cycle)', 'Divina Dolar Nava', 'Female', 'Administrative Officer V', 'Office of the City Accountant', 'Position Filled by Another Applicant', '2025-10-28'),
  ('ARCHIVE-2025-003', 'Applicant (Past Recruitment Cycle)', 'Wilfredo Fajardo Camino', 'Male', 'City Government Assistant Department Head II', 'Office of the City Engineer', 'Not Qualified', '2025-07-11'),
  ('ARCHIVE-2025-004', 'Applicant (Past Recruitment Cycle)', 'Precious Fajardo Padilla', 'Female', 'Social Welfare Officer III', 'Office of the City Engineer', 'Position Filled by Another Applicant', '2025-03-22'),
  ('ARCHIVE-2025-005', 'Applicant (Past Recruitment Cycle)', 'Lorna Betita Salazar', 'Female', 'City Government Assistant Department Head II', 'Office of the City Engineer', 'Position Filled by Another Applicant', '2025-10-15'),
  ('ARCHIVE-2025-006', 'Applicant (Past Recruitment Cycle)', 'Michelle Gorriceta Belmonte', 'Female', 'Administrative Officer V', 'Office of the City Social Welfare and Development Officer', 'Failed Written Exam', '2025-06-07'),
  ('ARCHIVE-2025-007', 'Applicant (Past Recruitment Cycle)', 'Rosalie Dolar Delgado', 'Female', 'Public Services Officer III', 'City Health Office', 'Failed Written Exam', '2025-10-18'),
  ('ARCHIVE-2025-008', 'Applicant (Past Recruitment Cycle)', 'Ferdinand Escosio Nava', 'Male', 'Medical Officer IV', 'City Health Office', 'Position Filled by Another Applicant', '2025-11-24'),
  ('ARCHIVE-2025-009', 'Applicant (Past Recruitment Cycle)', 'Danilo Solinap Belderol', 'Male', 'Social Welfare Officer III', 'Office of the City Accountant', 'Position Filled by Another Applicant', '2025-06-27'),
  ('ARCHIVE-2025-010', 'Applicant (Past Recruitment Cycle)', 'Cristina Betita Pacete', 'Female', 'Administrative Officer V', 'Office of the City Engineer', 'Failed Written Exam', '2025-01-06'),
  ('ARCHIVE-2025-011', 'Applicant (Past Recruitment Cycle)', 'Angelica Alarcon Estardo', 'Female', 'Supervising Administrative Officer', 'Office of the City Engineer', 'Not Qualified', '2025-01-01'),
  ('ARCHIVE-2025-012', 'Applicant (Past Recruitment Cycle)', 'Rafael Arnaiz Bernal', 'Male', 'Supervising Administrative Officer', 'Office of the City General Services Officer', 'Failed Written Exam', '2025-07-13'),
  ('ARCHIVE-2025-013', 'Applicant (Past Recruitment Cycle)', 'Shiela Belmonte Sumagaysay', 'Female', 'Administrative Officer V', 'Office of the City General Services Officer', 'Position Filled by Another Applicant', '2025-03-25'),
  ('ARCHIVE-2025-014', 'Applicant (Past Recruitment Cycle)', 'Jennifer Padilla Bermejo', 'Female', 'Social Welfare Officer III', 'Office of the City Accountant', 'Withdrew Application', '2025-05-14'),
  ('ARCHIVE-2025-015', 'Applicant (Past Recruitment Cycle)', 'Jose Fernandez Tirol', 'Male', 'Assistant Department Head II', 'Office of the City General Services Officer', 'Position Filled by Another Applicant', '2025-02-08'),
  ('ARCHIVE-2025-016', 'Separated Employee', 'Edgar Escosio Villanueva', 'Male', 'Public Services Officer III', 'Office of the City Accountant', 'Transferred to Another LGU', '2024-11-16'),
  ('ARCHIVE-2025-017', 'Separated Employee', 'Cristina Salazar Sumagaysay', 'Female', 'Social Welfare Officer III', 'Office of the City Social Welfare and Development Officer', 'Resigned', '2025-07-25'),
  ('ARCHIVE-2025-018', 'Separated Employee', 'Rowena Divinagracia Escosio', 'Female', 'Administrative Officer II', 'Office of the City Accountant', 'Retired', '2025-07-08'),
  ('ARCHIVE-2025-019', 'Separated Employee', 'Rosalie Salazar Sonza', 'Female', 'Accountant II', 'Office of the City General Services Officer', 'Retired', '2025-03-29'),
  ('ARCHIVE-2025-020', 'Separated Employee', 'Angelica Fajardo Villaruel', 'Female', 'Assistant City Accountant', 'Office of the City Social Welfare and Development Officer', 'End of Contract', '2024-08-23');

-- applicants (150)
INSERT INTO applicants (applicant_ref, first_name, middle_name, last_name, gender, email, contact_number, address, position, item_number, office, education_level, years_of_experience, additional_months, status) VALUES
  ('ABYAN-2026-001', 'Lorna', 'Legaspi', 'Delgado', 'Female', 'lorna.delgado6@gmail.com', '9689996414', 'Barangay Liong, Roxas City, Capiz', 'Accountant II', 'PLANTILLA-2024-001', 'Office of the City Accountant', 'Masteral Units', 3, 11, 'Finalized'),
  ('ABYAN-2026-002', 'Jennifer', 'Distura', 'Cabusas', 'Female', 'jennifer.cabusas21@gmail.com', '9576960453', 'Barangay Cogon, Roxas City, Capiz', 'Accountant II', 'PLANTILLA-2024-001', 'Office of the City Accountant', 'Masteral Units', 6, 9, 'Finalized'),
  ('ABYAN-2026-003', 'Divina', 'Cabusas', 'Estardo', 'Female', 'divina.estardo88@gmail.com', '9511938483', 'Barangay Punta Tabuc, Roxas City, Capiz', 'Accountant II', 'PLANTILLA-2024-001', 'Office of the City Accountant', 'College Graduate', 3, 8, 'Qualified for Interview'),
  ('ABYAN-2026-004', 'Renante', 'Fernandez', 'Fajardo', 'Male', 'renante.fajardo34@gmail.com', '9275137722', 'Barangay Baybay, Roxas City, Capiz', 'Accountant II', 'PLANTILLA-2024-001', 'Office of the City Accountant', 'College Level', 4, 9, 'For Deliberation'),
  ('ABYAN-2026-005', 'Cherry', 'Camino', 'Fajardo', 'Female', 'cherry.fajardo55@gmail.com', '9862065818', 'Barangay San Jose, Roxas City, Capiz', 'Accountant II', 'PLANTILLA-2024-001', 'Office of the City Accountant', 'College Graduate', 3, 8, 'Qualified for Written Exam'),
  ('ABYAN-2026-006', 'Vanessa', 'Arnaiz', 'Camino', 'Female', 'vanessa.camino98@gmail.com', '9329517485', 'Barangay Liong, Roxas City, Capiz', 'Administrative Officer V', 'PLANTILLA-2024-002', 'Office of the City Accountant', 'College Level', 1, 10, 'Finalized'),
  ('ABYAN-2026-007', 'Marife', 'Betita', 'Delfin', 'Female', 'marife.delfin31@gmail.com', '9822321324', 'Barangay Dumolog, Roxas City, Capiz', 'Administrative Officer V', 'PLANTILLA-2024-002', 'Office of the City Accountant', 'College Graduate', 3, 5, 'Finalized'),
  ('ABYAN-2026-008', 'Marife', 'Bernal', 'Arnaiz', 'Female', 'marife.arnaiz55@gmail.com', '9374374754', 'Barangay Lawaan, Roxas City, Capiz', 'Administrative Officer V', 'PLANTILLA-2024-002', 'Office of the City Accountant', 'Masteral Units', 3, 10, 'Not Qualified'),
  ('ABYAN-2026-009', 'Rowena', 'Betita', 'Sonza', 'Female', 'rowena.sonza71@gmail.com', '9394694634', 'Barangay Bolo, Roxas City, Capiz', 'Administrative Officer V', 'PLANTILLA-2024-002', 'Office of the City Accountant', 'College Graduate', 8, 1, 'Not Qualified'),
  ('ABYAN-2026-010', 'Nathaniel', 'Betita', 'Cadigal', 'Male', 'nathaniel.cadigal17@gmail.com', '9838930103', 'Barangay Punta Tabuc, Roxas City, Capiz', 'Administrative Officer V', 'PLANTILLA-2024-002', 'Office of the City Accountant', 'College Level', 1, 5, 'Qualified for Written Exam'),
  ('ABYAN-2026-011', 'Lorna', 'Ledesma', 'Solinap', 'Female', 'lorna.solinap58@gmail.com', '9278077999', 'Barangay Tanque, Roxas City, Capiz', 'Accountant III', 'PLANTILLA-2024-003', 'Office of the City Accountant', 'Highschool Level', 7, 5, 'Finalized'),
  ('ABYAN-2026-012', 'Jonalyn', 'Alarcon', 'Estardo', 'Female', 'jonalyn.estardo49@gmail.com', '9107550190', 'Barangay Baybay, Roxas City, Capiz', 'Accountant III', 'PLANTILLA-2024-003', 'Office of the City Accountant', 'College Graduate', 2, 0, 'Finalized'),
  ('ABYAN-2026-013', 'Katrina', 'Ledesma', 'Fernandez', 'Female', 'katrina.fernandez96@gmail.com', '9501959074', 'Barangay Culasi, Roxas City, Capiz', 'Accountant III', 'PLANTILLA-2024-003', 'Office of the City Accountant', 'College Graduate', 8, 2, 'For Initial Review'),
  ('ABYAN-2026-014', 'Ma. Theresa', 'Cabusas', 'Camino', 'Female', 'ma..camino73@gmail.com', '9411666754', 'Barangay Dumolog, Roxas City, Capiz', 'Accountant III', 'PLANTILLA-2024-003', 'Office of the City Accountant', 'Highschool Graduate', 2, 2, 'For Initial Review'),
  ('ABYAN-2026-015', 'Rowena', 'Camino', 'Palma', 'Female', 'rowena.palma41@gmail.com', '9191156287', 'Barangay Tiza, Roxas City, Capiz', 'Accountant III', 'PLANTILLA-2024-003', 'Office of the City Accountant', 'College Graduate', 5, 3, 'For Deliberation'),
  ('ABYAN-2026-016', 'Jose', 'Distura', 'Distura', 'Male', 'jose.distura86@gmail.com', '9806022741', 'Barangay Liong, Roxas City, Capiz', 'IT Officer II', 'PLANTILLA-2024-004', 'Office of the City Accountant', 'College Graduate', 3, 5, 'Finalized'),
  ('ABYAN-2026-017', 'Michael', 'Fajardo', 'Sumagaysay', 'Male', 'michael.sumagaysay82@gmail.com', '9645641923', 'Barangay Culasi, Roxas City, Capiz', 'IT Officer II', 'PLANTILLA-2024-004', 'Office of the City Accountant', 'Masteral Units', 3, 4, 'Finalized'),
  ('ABYAN-2026-018', 'Edgar', 'Sumalinog', 'Divinagracia', 'Male', 'edgar.divinagracia15@gmail.com', '9193500715', 'Barangay Culasi, Roxas City, Capiz', 'IT Officer II', 'PLANTILLA-2024-004', 'Office of the City Accountant', 'College Graduate', 5, 2, 'For Initial Review'),
  ('ABYAN-2026-019', 'Precious', 'Distura', 'Belderol', 'Female', 'precious.belderol14@gmail.com', '9557817881', 'Barangay Milibili, Roxas City, Capiz', 'IT Officer II', 'PLANTILLA-2024-004', 'Office of the City Accountant', 'College Graduate', 1, 4, 'Qualified for Written Exam'),
  ('ABYAN-2026-020', 'Ronald', 'Dolar', 'Camba', 'Male', 'ronald.camba14@gmail.com', '9581649691', 'Barangay Adlawan, Roxas City, Capiz', 'IT Officer II', 'PLANTILLA-2024-004', 'Office of the City Accountant', 'Masteral Units', 1, 2, 'Qualified for Written Exam'),
  ('ABYAN-2026-021', 'Christian', 'Duran', 'Alarcon', 'Male', 'christian.alarcon87@gmail.com', '9786555772', 'Barangay Bolo, Roxas City, Capiz', 'Accountant III', 'PLANTILLA-2024-005', 'Office of the City Accountant', 'College Graduate', 4, 3, 'Finalized'),
  ('ABYAN-2026-022', 'Julius', 'Sonza', 'Camba', 'Male', 'julius.camba6@gmail.com', '9651028374', 'Barangay Cogon, Roxas City, Capiz', 'Accountant III', 'PLANTILLA-2024-005', 'Office of the City Accountant', 'College Graduate', 5, 0, 'Finalized'),
  ('ABYAN-2026-023', 'Genalyn', 'Bernal', 'Padilla', 'Female', 'genalyn.padilla17@gmail.com', '9348053918', 'Barangay San Jose, Roxas City, Capiz', 'Accountant III', 'PLANTILLA-2024-005', 'Office of the City Accountant', 'College Graduate', 2, 11, 'Qualified for Interview'),
  ('ABYAN-2026-024', 'Jayson', 'Camino', 'Escosio', 'Male', 'jayson.escosio61@gmail.com', '9312422633', 'Barangay Lawaan, Roxas City, Capiz', 'Accountant III', 'PLANTILLA-2024-005', 'Office of the City Accountant', 'College Graduate', 1, 4, 'For Deliberation'),
  ('ABYAN-2026-025', 'Jennifer', 'Duran', 'Cordova', 'Female', 'jennifer.cordova99@gmail.com', '9198640615', 'Barangay Sta. Cruz, Roxas City, Capiz', 'Accountant III', 'PLANTILLA-2024-005', 'Office of the City Accountant', 'Masteral Units', 4, 3, 'Not Qualified'),
  ('ABYAN-2026-026', 'Nathaniel', 'Nava', 'Gorriceta', 'Male', 'nathaniel.gorriceta59@gmail.com', '9278795419', 'Barangay Cabugao, Roxas City, Capiz', 'Supervising Administrative Officer', 'PLANTILLA-2024-006', 'Office of the City Accountant', 'College Graduate', 4, 2, 'Finalized'),
  ('ABYAN-2026-027', 'Vanessa', 'Duran', 'Delfin', 'Female', 'vanessa.delfin36@gmail.com', '9662299954', 'Barangay Lawaan, Roxas City, Capiz', 'Supervising Administrative Officer', 'PLANTILLA-2024-006', 'Office of the City Accountant', 'College Graduate', 8, 2, 'Finalized'),
  ('ABYAN-2026-028', 'Michael', 'Fernandez', 'Nava', 'Male', 'michael.nava54@gmail.com', '9626551268', 'Barangay Tiza, Roxas City, Capiz', 'Supervising Administrative Officer', 'PLANTILLA-2024-006', 'Office of the City Accountant', 'Graduate School', 2, 2, 'For Initial Review'),
  ('ABYAN-2026-029', 'Ana', 'Tupas', 'Bernal', 'Female', 'ana.bernal95@gmail.com', '9794700025', 'Barangay Adlawan, Roxas City, Capiz', 'Supervising Administrative Officer', 'PLANTILLA-2024-006', 'Office of the City Accountant', 'College Graduate', 1, 9, 'For Deliberation'),
  ('ABYAN-2026-030', 'Michael', 'Ledesma', 'Salazar', 'Male', 'michael.salazar69@gmail.com', '9137610562', 'Barangay Bolo, Roxas City, Capiz', 'Supervising Administrative Officer', 'PLANTILLA-2024-006', 'Office of the City Accountant', 'Elementary Level', 6, 10, 'Qualified for Written Exam'),
  ('ABYAN-2026-031', 'Rommel', 'Ledesma', 'Divinagracia', 'Male', 'rommel.divinagracia61@gmail.com', '9121873851', 'Barangay Pueblo, Roxas City, Capiz', 'Assistant City Accountant', 'PLANTILLA-2024-007', 'Office of the City Accountant', 'Masteral Units', 3, 0, 'Finalized'),
  ('ABYAN-2026-032', 'Rommel', 'Bernal', 'Bermejo', 'Male', 'rommel.bermejo99@gmail.com', '9573815034', 'Barangay Liong, Roxas City, Capiz', 'Assistant City Accountant', 'PLANTILLA-2024-007', 'Office of the City Accountant', 'Masteral Units', 4, 3, 'Finalized'),
  ('ABYAN-2026-033', 'Ricardo', 'Fajardo', 'Belmonte', 'Male', 'ricardo.belmonte89@gmail.com', '9905074336', 'Barangay Liong, Roxas City, Capiz', 'Assistant City Accountant', 'PLANTILLA-2024-007', 'Office of the City Accountant', 'Elementary Level', 5, 9, 'Not Qualified'),
  ('ABYAN-2026-034', 'Aiza', 'Gorriceta', 'Ledesma', 'Female', 'aiza.ledesma14@gmail.com', '9657076506', 'Barangay Tiza, Roxas City, Capiz', 'Assistant City Accountant', 'PLANTILLA-2024-007', 'Office of the City Accountant', 'Masteral Units', 1, 5, 'Qualified for Interview'),
  ('ABYAN-2026-035', 'Dennis', 'Dolar', 'Camino', 'Male', 'dennis.camino35@gmail.com', '9515118725', 'Barangay Dumolog, Roxas City, Capiz', 'Assistant City Accountant', 'PLANTILLA-2024-007', 'Office of the City Accountant', 'Graduate School', 5, 9, 'Not Qualified'),
  ('ABYAN-2026-036', 'Cherry', 'Arnaiz', 'Cordova', 'Female', 'cherry.cordova2@gmail.com', '9764205394', 'Barangay Dumolog, Roxas City, Capiz', 'Administrative Officer II', 'PLANTILLA-2024-008', 'Office of the City Social Welfare and Development Officer', 'Masteral Units', 7, 5, 'Finalized'),
  ('ABYAN-2026-037', 'Roel', 'Ledesma', 'Salazar', 'Male', 'roel.salazar61@gmail.com', '9809907391', 'Barangay Pueblo, Roxas City, Capiz', 'Administrative Officer II', 'PLANTILLA-2024-008', 'Office of the City Social Welfare and Development Officer', 'College Graduate', 4, 11, 'Finalized'),
  ('ABYAN-2026-038', 'Alma', 'Distura', 'Padilla', 'Female', 'alma.padilla89@gmail.com', '9334213524', 'Barangay Cogon, Roxas City, Capiz', 'Administrative Officer II', 'PLANTILLA-2024-008', 'Office of the City Social Welfare and Development Officer', 'College Graduate', 8, 4, 'Qualified for Interview'),
  ('ABYAN-2026-039', 'Josephine', 'Cordova', 'Belmonte', 'Female', 'josephine.belmonte2@gmail.com', '9783123709', 'Barangay Baybay, Roxas City, Capiz', 'Administrative Officer II', 'PLANTILLA-2024-008', 'Office of the City Social Welfare and Development Officer', 'Graduate School', 5, 1, 'Qualified for Written Exam'),
  ('ABYAN-2026-040', 'Mark Anthony', 'Distura', 'Cabusas', 'Male', 'mark.cabusas37@gmail.com', '9709031491', 'Barangay Tiza, Roxas City, Capiz', 'Administrative Officer II', 'PLANTILLA-2024-008', 'Office of the City Social Welfare and Development Officer', 'Masteral Units', 3, 10, 'Not Qualified'),
  ('ABYAN-2026-041', 'Cristina', 'Salazar', 'Legaspi', 'Female', 'cristina.legaspi32@gmail.com', '9257982241', 'Barangay Punta Tabuc, Roxas City, Capiz', 'Social Welfare Officer III', 'PLANTILLA-2024-009', 'Office of the City Social Welfare and Development Officer', 'Graduate School', 8, 1, 'Finalized'),
  ('ABYAN-2026-042', 'Jonalyn', 'Cabusas', 'Tupas', 'Female', 'jonalyn.tupas10@gmail.com', '9301044891', 'Barangay Sta. Cruz, Roxas City, Capiz', 'Social Welfare Officer III', 'PLANTILLA-2024-009', 'Office of the City Social Welfare and Development Officer', 'College Graduate', 7, 4, 'Finalized'),
  ('ABYAN-2026-043', 'Divina', 'Escosio', 'Villanueva', 'Female', 'divina.villanueva26@gmail.com', '9642925626', 'Barangay Punta Tabuc, Roxas City, Capiz', 'Social Welfare Officer III', 'PLANTILLA-2024-009', 'Office of the City Social Welfare and Development Officer', 'College Level', 4, 4, 'Qualified for Interview'),
  ('ABYAN-2026-044', 'Danilo', 'Sonza', 'Belderol', 'Male', 'danilo.belderol60@gmail.com', '9986101803', 'Barangay San Jose, Roxas City, Capiz', 'Social Welfare Officer III', 'PLANTILLA-2024-009', 'Office of the City Social Welfare and Development Officer', 'Elementary Graduate', 3, 4, 'For Initial Review'),
  ('ABYAN-2026-045', 'Ma. Theresa', 'Distura', 'Salazar', 'Female', 'ma..salazar30@gmail.com', '9961348050', 'Barangay Baybay, Roxas City, Capiz', 'Social Welfare Officer III', 'PLANTILLA-2024-009', 'Office of the City Social Welfare and Development Officer', 'College Graduate', 1, 6, 'For Initial Review'),
  ('ABYAN-2026-046', 'Wilfredo', 'Sumalinog', 'Camba', 'Male', 'wilfredo.camba43@gmail.com', '9629312590', 'Barangay Lawaan, Roxas City, Capiz', 'Social Welfare Officer III', 'PLANTILLA-2024-010', 'Office of the City Social Welfare and Development Officer', 'College Graduate', 8, 4, 'Finalized'),
  ('ABYAN-2026-047', 'Marife', 'Sumalinog', 'Fernandez', 'Female', 'marife.fernandez47@gmail.com', '9899363326', 'Barangay Tiza, Roxas City, Capiz', 'Social Welfare Officer III', 'PLANTILLA-2024-010', 'Office of the City Social Welfare and Development Officer', 'Elementary Level', 2, 5, 'Finalized'),
  ('ABYAN-2026-048', 'Christian', 'Sonza', 'Fernandez', 'Male', 'christian.fernandez31@gmail.com', '9306213522', 'Barangay Bolo, Roxas City, Capiz', 'Social Welfare Officer III', 'PLANTILLA-2024-010', 'Office of the City Social Welfare and Development Officer', 'Highschool Graduate', 5, 7, 'Not Qualified'),
  ('ABYAN-2026-049', 'Jennifer', 'Alarcon', 'Naguit', 'Female', 'jennifer.naguit32@gmail.com', '9683426689', 'Barangay San Jose, Roxas City, Capiz', 'Social Welfare Officer III', 'PLANTILLA-2024-010', 'Office of the City Social Welfare and Development Officer', 'College Graduate', 2, 10, 'Qualified for Interview'),
  ('ABYAN-2026-050', 'Danilo', 'Escosio', 'Delfin', 'Male', 'danilo.delfin39@gmail.com', '9859214801', 'Barangay Milibili, Roxas City, Capiz', 'Social Welfare Officer III', 'PLANTILLA-2024-010', 'Office of the City Social Welfare and Development Officer', 'Masteral Units', 3, 1, 'Qualified for Interview'),
  ('ABYAN-2026-051', 'Shiela', 'Solinap', 'Duran', 'Female', 'shiela.duran85@gmail.com', '9933551903', 'Barangay Adlawan, Roxas City, Capiz', 'Social Welfare Officer III', 'PLANTILLA-2024-011', 'Office of the City Social Welfare and Development Officer', 'College Graduate', 7, 7, 'Finalized'),
  ('ABYAN-2026-052', 'Ariel', 'Tirol', 'Belmonte', 'Male', 'ariel.belmonte80@gmail.com', '9987668663', 'Barangay Dumolog, Roxas City, Capiz', 'Social Welfare Officer III', 'PLANTILLA-2024-011', 'Office of the City Social Welfare and Development Officer', 'College Graduate', 2, 7, 'Finalized'),
  ('ABYAN-2026-053', 'Aiza', 'Gorriceta', 'Arnaiz', 'Female', 'aiza.arnaiz88@gmail.com', '9464816586', 'Barangay Dumolog, Roxas City, Capiz', 'Social Welfare Officer III', 'PLANTILLA-2024-011', 'Office of the City Social Welfare and Development Officer', 'College Graduate', 6, 10, 'Qualified for Written Exam'),
  ('ABYAN-2026-054', 'Grace', 'Sumalinog', 'Sumagaysay', 'Female', 'grace.sumagaysay68@gmail.com', '9624020853', 'Barangay Tanque, Roxas City, Capiz', 'Social Welfare Officer III', 'PLANTILLA-2024-011', 'Office of the City Social Welfare and Development Officer', 'College Graduate', 5, 0, 'Qualified for Interview'),
  ('ABYAN-2026-055', 'Jose', 'Escosio', 'Gorriceta', 'Male', 'jose.gorriceta2@gmail.com', '9695825658', 'Barangay Tanque, Roxas City, Capiz', 'Social Welfare Officer III', 'PLANTILLA-2024-011', 'Office of the City Social Welfare and Development Officer', 'College Graduate', 4, 7, 'Qualified for Interview'),
  ('ABYAN-2026-056', 'Allan', 'Palma', 'Belmonte', 'Male', 'allan.belmonte3@gmail.com', '9947640518', 'Barangay Baybay, Roxas City, Capiz', 'Supervising Administrative Officer', 'PLANTILLA-2024-012', 'Office of the City Social Welfare and Development Officer', 'College Graduate', 7, 11, 'Finalized'),
  ('ABYAN-2026-057', 'Vincent', 'Legaspi', 'Cadigal', 'Male', 'vincent.cadigal81@gmail.com', '9921661401', 'Barangay Lawaan, Roxas City, Capiz', 'Supervising Administrative Officer', 'PLANTILLA-2024-012', 'Office of the City Social Welfare and Development Officer', 'Graduate School', 8, 4, 'Finalized'),
  ('ABYAN-2026-058', 'Ana', 'Camino', 'Sonza', 'Female', 'ana.sonza47@gmail.com', '9779418719', 'Barangay Baybay, Roxas City, Capiz', 'Supervising Administrative Officer', 'PLANTILLA-2024-012', 'Office of the City Social Welfare and Development Officer', 'Masteral Units', 2, 4, 'Qualified for Written Exam'),
  ('ABYAN-2026-059', 'Michael', 'Cabusas', 'Villanueva', 'Male', 'michael.villanueva87@gmail.com', '9967667458', 'Barangay Pueblo, Roxas City, Capiz', 'Supervising Administrative Officer', 'PLANTILLA-2024-012', 'Office of the City Social Welfare and Development Officer', 'Graduate School', 5, 11, 'Qualified for Written Exam'),
  ('ABYAN-2026-060', 'Renante', 'Belmonte', 'Delgado', 'Male', 'renante.delgado87@gmail.com', '9398910069', 'Barangay Bolo, Roxas City, Capiz', 'Supervising Administrative Officer', 'PLANTILLA-2024-012', 'Office of the City Social Welfare and Development Officer', 'College Level', 2, 7, 'For Initial Review'),
  ('ABYAN-2026-061', 'Editha', 'Escosio', 'Betita', 'Female', 'editha.betita18@gmail.com', '9598610879', 'Barangay Pueblo, Roxas City, Capiz', 'Supervising Administrative Officer', 'PLANTILLA-2024-013', 'Office of the City Social Welfare and Development Officer', 'College Graduate', 8, 11, 'Finalized'),
  ('ABYAN-2026-062', 'Precious', 'Cordova', 'Belderol', 'Female', 'precious.belderol70@gmail.com', '9927017548', 'Barangay Culasi, Roxas City, Capiz', 'Supervising Administrative Officer', 'PLANTILLA-2024-013', 'Office of the City Social Welfare and Development Officer', 'Masteral Units', 2, 7, 'Finalized'),
  ('ABYAN-2026-063', 'Josephine', 'Tupas', 'Naguit', 'Female', 'josephine.naguit73@gmail.com', '9362151087', 'Barangay Cogon, Roxas City, Capiz', 'Supervising Administrative Officer', 'PLANTILLA-2024-013', 'Office of the City Social Welfare and Development Officer', 'Graduate School', 8, 1, 'Qualified for Interview'),
  ('ABYAN-2026-064', 'Carlo', 'Legaspi', 'Betita', 'Male', 'carlo.betita4@gmail.com', '9261249314', 'Barangay Pueblo, Roxas City, Capiz', 'Supervising Administrative Officer', 'PLANTILLA-2024-013', 'Office of the City Social Welfare and Development Officer', 'College Graduate', 3, 9, 'Qualified for Interview'),
  ('ABYAN-2026-065', 'Vincent', 'Fernandez', 'Villaruel', 'Male', 'vincent.villaruel76@gmail.com', '9238583392', 'Barangay Punta Tabuc, Roxas City, Capiz', 'Supervising Administrative Officer', 'PLANTILLA-2024-013', 'Office of the City Social Welfare and Development Officer', 'Highschool Graduate', 1, 2, 'For Deliberation'),
  ('ABYAN-2026-066', 'Roel', 'Padilla', 'Camino', 'Male', 'roel.camino9@gmail.com', '9265614002', 'Barangay Cabugao, Roxas City, Capiz', 'Assistant City Social Welfare and Development Officer', 'PLANTILLA-2024-014', 'Office of the City Social Welfare and Development Officer', 'College Graduate', 1, 0, 'Finalized'),
  ('ABYAN-2026-067', 'Vanessa', 'Tirol', 'Cabusas', 'Female', 'vanessa.cabusas94@gmail.com', '9226243691', 'Barangay Sta. Cruz, Roxas City, Capiz', 'Assistant City Social Welfare and Development Officer', 'PLANTILLA-2024-014', 'Office of the City Social Welfare and Development Officer', 'College Graduate', 7, 1, 'Finalized'),
  ('ABYAN-2026-068', 'Rowena', 'Sonza', 'Sonza', 'Female', 'rowena.sonza96@gmail.com', '9573182975', 'Barangay Culasi, Roxas City, Capiz', 'Assistant City Social Welfare and Development Officer', 'PLANTILLA-2024-014', 'Office of the City Social Welfare and Development Officer', 'Graduate School', 8, 1, 'For Initial Review'),
  ('ABYAN-2026-069', 'Rowena', 'Fajardo', 'Bernal', 'Female', 'rowena.bernal74@gmail.com', '9744569164', 'Barangay Milibili, Roxas City, Capiz', 'Assistant City Social Welfare and Development Officer', 'PLANTILLA-2024-014', 'Office of the City Social Welfare and Development Officer', 'College Graduate', 7, 11, 'For Initial Review'),
  ('ABYAN-2026-070', 'Michelle', 'Legaspi', 'Sumagaysay', 'Female', 'michelle.sumagaysay99@gmail.com', '9891440466', 'Barangay Baybay, Roxas City, Capiz', 'Assistant City Social Welfare and Development Officer', 'PLANTILLA-2024-014', 'Office of the City Social Welfare and Development Officer', 'College Graduate', 6, 1, 'Not Qualified'),
  ('ABYAN-2026-071', 'Ferdinand', 'Sonza', 'Escosio', 'Male', 'ferdinand.escosio54@gmail.com', '9686719285', 'Barangay Tanque, Roxas City, Capiz', 'Engineer I', 'PLANTILLA-2024-015', 'Office of the City Engineer', 'Graduate School', 6, 0, 'Finalized'),
  ('ABYAN-2026-072', 'Katrina', 'Cordova', 'Nava', 'Female', 'katrina.nava35@gmail.com', '9379595744', 'Barangay Liong, Roxas City, Capiz', 'Engineer I', 'PLANTILLA-2024-015', 'Office of the City Engineer', 'Masteral Units', 2, 0, 'Finalized'),
  ('ABYAN-2026-073', 'Genalyn', 'Fajardo', 'Cabusas', 'Female', 'genalyn.cabusas8@gmail.com', '9104429650', 'Barangay Lawaan, Roxas City, Capiz', 'Engineer I', 'PLANTILLA-2024-015', 'Office of the City Engineer', 'Masteral Units', 8, 8, 'Not Qualified'),
  ('ABYAN-2026-074', 'Wilfredo', 'Villanueva', 'Legaspi', 'Male', 'wilfredo.legaspi72@gmail.com', '9956941939', 'Barangay Dumolog, Roxas City, Capiz', 'Engineer I', 'PLANTILLA-2024-015', 'Office of the City Engineer', 'College Level', 2, 0, 'For Deliberation'),
  ('ABYAN-2026-075', 'Aiza', 'Cordova', 'Bermejo', 'Female', 'aiza.bermejo3@gmail.com', '9513883553', 'Barangay Tiza, Roxas City, Capiz', 'Engineer I', 'PLANTILLA-2024-015', 'Office of the City Engineer', 'College Graduate', 8, 1, 'For Deliberation'),
  ('ABYAN-2026-076', 'Jennifer', 'Ledesma', 'Sumagaysay', 'Female', 'jennifer.sumagaysay66@gmail.com', '9346861544', 'Barangay Pueblo, Roxas City, Capiz', 'Architect IV', 'PLANTILLA-2024-016', 'Office of the City Engineer', 'College Level', 7, 8, 'Finalized'),
  ('ABYAN-2026-077', 'Jerome', 'Fajardo', 'Belderol', 'Male', 'jerome.belderol20@gmail.com', '9662145653', 'Barangay Adlawan, Roxas City, Capiz', 'Architect IV', 'PLANTILLA-2024-016', 'Office of the City Engineer', 'College Level', 3, 9, 'Finalized'),
  ('ABYAN-2026-078', 'Elena', 'Divinagracia', 'Sarabia', 'Female', 'elena.sarabia48@gmail.com', '9462287332', 'Barangay Dumolog, Roxas City, Capiz', 'Architect IV', 'PLANTILLA-2024-016', 'Office of the City Engineer', 'College Graduate', 6, 8, 'For Initial Review'),
  ('ABYAN-2026-079', 'Jonalyn', 'Camino', 'Fernandez', 'Female', 'jonalyn.fernandez61@gmail.com', '9743531028', 'Barangay Culasi, Roxas City, Capiz', 'Architect IV', 'PLANTILLA-2024-016', 'Office of the City Engineer', 'Graduate School', 1, 7, 'Not Qualified'),
  ('ABYAN-2026-080', 'Grace', 'Padilla', 'Padilla', 'Female', 'grace.padilla21@gmail.com', '9567255418', 'Barangay Lawaan, Roxas City, Capiz', 'Architect IV', 'PLANTILLA-2024-016', 'Office of the City Engineer', 'Graduate School', 2, 8, 'For Deliberation'),
  ('ABYAN-2026-081', 'Genalyn', 'Sumalinog', 'Padilla', 'Female', 'genalyn.padilla11@gmail.com', '9843372774', 'Barangay Pueblo, Roxas City, Capiz', 'Engineer IV', 'PLANTILLA-2024-017', 'Office of the City Engineer', 'Masteral Units', 1, 10, 'Finalized'),
  ('ABYAN-2026-082', 'Elena', 'Nava', 'Fajardo', 'Female', 'elena.fajardo40@gmail.com', '9334593556', 'Barangay Cabugao, Roxas City, Capiz', 'Engineer IV', 'PLANTILLA-2024-017', 'Office of the City Engineer', 'Highschool Graduate', 2, 4, 'Finalized'),
  ('ABYAN-2026-083', 'Angelica', 'Alarcon', 'Divinagracia', 'Female', 'angelica.divinagracia17@gmail.com', '9867320310', 'Barangay Milibili, Roxas City, Capiz', 'Engineer IV', 'PLANTILLA-2024-017', 'Office of the City Engineer', 'Highschool Graduate', 5, 1, 'Not Qualified'),
  ('ABYAN-2026-084', 'Ferdinand', 'Duran', 'Tirol', 'Male', 'ferdinand.tirol40@gmail.com', '9704255051', 'Barangay Pueblo, Roxas City, Capiz', 'Engineer IV', 'PLANTILLA-2024-017', 'Office of the City Engineer', 'Masteral Units', 1, 6, 'For Deliberation'),
  ('ABYAN-2026-085', 'Jonalyn', 'Sumalinog', 'Cabusas', 'Female', 'jonalyn.cabusas83@gmail.com', '9717227905', 'Barangay Liong, Roxas City, Capiz', 'Engineer IV', 'PLANTILLA-2024-017', 'Office of the City Engineer', 'Masteral Units', 7, 2, 'For Initial Review'),
  ('ABYAN-2026-086', 'Ricardo', 'Bernal', 'Tirol', 'Male', 'ricardo.tirol48@gmail.com', '9381472908', 'Barangay Cabugao, Roxas City, Capiz', 'Administrative Officer I', 'PLANTILLA-2024-018', 'Office of the City Engineer', 'College Level', 3, 6, 'Finalized'),
  ('ABYAN-2026-087', 'Carlo', 'Nava', 'Padilla', 'Male', 'carlo.padilla71@gmail.com', '9879854536', 'Barangay Sta. Cruz, Roxas City, Capiz', 'Administrative Officer I', 'PLANTILLA-2024-018', 'Office of the City Engineer', 'Masteral Units', 3, 0, 'Finalized'),
  ('ABYAN-2026-088', 'Wilfredo', 'Divinagracia', 'Cordova', 'Male', 'wilfredo.cordova64@gmail.com', '9869993490', 'Barangay Bolo, Roxas City, Capiz', 'Administrative Officer I', 'PLANTILLA-2024-018', 'Office of the City Engineer', 'College Graduate', 1, 3, 'For Initial Review'),
  ('ABYAN-2026-089', 'Nathaniel', 'Villanueva', 'Cabusas', 'Male', 'nathaniel.cabusas65@gmail.com', '9741341153', 'Barangay San Jose, Roxas City, Capiz', 'Administrative Officer I', 'PLANTILLA-2024-018', 'Office of the City Engineer', 'College Graduate', 6, 3, 'Qualified for Interview'),
  ('ABYAN-2026-090', 'Ana', 'Betita', 'Gorriceta', 'Female', 'ana.gorriceta99@gmail.com', '9846578736', 'Barangay Milibili, Roxas City, Capiz', 'Administrative Officer I', 'PLANTILLA-2024-018', 'Office of the City Engineer', 'Graduate School', 5, 11, 'For Initial Review'),
  ('ABYAN-2026-091', 'Noel', 'Distura', 'Padilla', 'Male', 'noel.padilla6@gmail.com', '9506202210', 'Barangay San Jose, Roxas City, Capiz', 'Engineer II', 'PLANTILLA-2024-019', 'Office of the City Engineer', 'Masteral Units', 3, 10, 'Finalized'),
  ('ABYAN-2026-092', 'Josephine', 'Salazar', 'Solinap', 'Female', 'josephine.solinap48@gmail.com', '9765474830', 'Barangay Dumolog, Roxas City, Capiz', 'Engineer II', 'PLANTILLA-2024-019', 'Office of the City Engineer', 'College Level', 1, 10, 'Finalized'),
  ('ABYAN-2026-093', 'Jennifer', 'Ledesma', 'Ledesma', 'Female', 'jennifer.ledesma92@gmail.com', '9643795835', 'Barangay Tiza, Roxas City, Capiz', 'Engineer II', 'PLANTILLA-2024-019', 'Office of the City Engineer', 'Graduate School', 3, 8, 'Qualified for Interview'),
  ('ABYAN-2026-094', 'Jonalyn', 'Salazar', 'Duran', 'Female', 'jonalyn.duran19@gmail.com', '9878351320', 'Barangay Culasi, Roxas City, Capiz', 'Engineer II', 'PLANTILLA-2024-019', 'Office of the City Engineer', 'College Graduate', 7, 4, 'Qualified for Interview'),
  ('ABYAN-2026-095', 'Jose', 'Alarcon', 'Sonza', 'Male', 'jose.sonza68@gmail.com', '9567677903', 'Barangay Cabugao, Roxas City, Capiz', 'Engineer II', 'PLANTILLA-2024-019', 'Office of the City Engineer', 'College Graduate', 1, 9, 'For Deliberation'),
  ('ABYAN-2026-096', 'Michelle', 'Fajardo', 'Villaruel', 'Female', 'michelle.villaruel18@gmail.com', '9198584017', 'Barangay Tanque, Roxas City, Capiz', 'Engineer IV', 'PLANTILLA-2024-020', 'Office of the City Engineer', 'Masteral Units', 8, 8, 'Finalized'),
  ('ABYAN-2026-097', 'Jennifer', 'Padilla', 'Nava', 'Female', 'jennifer.nava4@gmail.com', '9567189302', 'Barangay Tiza, Roxas City, Capiz', 'Engineer IV', 'PLANTILLA-2024-020', 'Office of the City Engineer', 'Masteral Units', 2, 8, 'Finalized'),
  ('ABYAN-2026-098', 'Jayson', 'Sarabia', 'Pacete', 'Male', 'jayson.pacete10@gmail.com', '9266318841', 'Barangay Dumolog, Roxas City, Capiz', 'Engineer IV', 'PLANTILLA-2024-020', 'Office of the City Engineer', 'Elementary Graduate', 7, 11, 'Not Qualified'),
  ('ABYAN-2026-099', 'Jonalyn', 'Gorriceta', 'Camino', 'Female', 'jonalyn.camino22@gmail.com', '9306413349', 'Barangay Punta Tabuc, Roxas City, Capiz', 'Engineer IV', 'PLANTILLA-2024-020', 'Office of the City Engineer', 'College Graduate', 3, 2, 'Qualified for Written Exam'),
  ('ABYAN-2026-100', 'Ma. Theresa', 'Sarabia', 'Cabusas', 'Female', 'ma..cabusas69@gmail.com', '9219431778', 'Barangay Tanque, Roxas City, Capiz', 'Engineer IV', 'PLANTILLA-2024-020', 'Office of the City Engineer', 'Masteral Units', 5, 3, 'Not Qualified'),
  ('ABYAN-2026-101', 'Ferdinand', 'Gorriceta', 'Ledesma', 'Male', 'ferdinand.ledesma83@gmail.com', '9489102469', 'Barangay Punta Tabuc, Roxas City, Capiz', 'City Government Assistant Department Head II', 'PLANTILLA-2024-021', 'Office of the City Engineer', 'College Graduate', 1, 0, 'Finalized'),
  ('ABYAN-2026-102', 'Katrina', 'Arnaiz', 'Estardo', 'Female', 'katrina.estardo98@gmail.com', '9579639932', 'Barangay Liong, Roxas City, Capiz', 'City Government Assistant Department Head II', 'PLANTILLA-2024-021', 'Office of the City Engineer', 'Masteral Units', 3, 7, 'Finalized'),
  ('ABYAN-2026-103', 'Michelle', 'Arnaiz', 'Naguit', 'Female', 'michelle.naguit42@gmail.com', '9836246485', 'Barangay Cogon, Roxas City, Capiz', 'City Government Assistant Department Head II', 'PLANTILLA-2024-021', 'Office of the City Engineer', 'College Level', 4, 2, 'Qualified for Written Exam'),
  ('ABYAN-2026-104', 'Gerald', 'Tirol', 'Alarcon', 'Male', 'gerald.alarcon46@gmail.com', '9161847927', 'Barangay Lawaan, Roxas City, Capiz', 'City Government Assistant Department Head II', 'PLANTILLA-2024-021', 'Office of the City Engineer', 'College Graduate', 5, 7, 'Qualified for Written Exam'),
  ('ABYAN-2026-105', 'Vanessa', 'Sarabia', 'Villanueva', 'Female', 'vanessa.villanueva73@gmail.com', '9814265774', 'Barangay Pueblo, Roxas City, Capiz', 'City Government Assistant Department Head II', 'PLANTILLA-2024-021', 'Office of the City Engineer', 'College Level', 1, 1, 'Qualified for Interview'),
  ('ABYAN-2026-106', 'Jennifer', 'Belmonte', 'Delfin', 'Female', 'jennifer.delfin52@gmail.com', '9741675365', 'Barangay Culasi, Roxas City, Capiz', 'Administrative Officer III', 'PLANTILLA-2024-022', 'Office of the City General Services Officer', 'College Graduate', 5, 9, 'Finalized'),
  ('ABYAN-2026-107', 'Ariel', 'Nava', 'Padilla', 'Male', 'ariel.padilla69@gmail.com', '9726029651', 'Barangay Adlawan, Roxas City, Capiz', 'Administrative Officer III', 'PLANTILLA-2024-022', 'Office of the City General Services Officer', 'Masteral Units', 8, 2, 'Finalized'),
  ('ABYAN-2026-108', 'Noel', 'Fernandez', 'Naguit', 'Male', 'noel.naguit74@gmail.com', '9391861596', 'Barangay Adlawan, Roxas City, Capiz', 'Administrative Officer III', 'PLANTILLA-2024-022', 'Office of the City General Services Officer', 'Graduate School', 5, 11, 'Not Qualified'),
  ('ABYAN-2026-109', 'Rodel', 'Betita', 'Gorriceta', 'Male', 'rodel.gorriceta53@gmail.com', '9984420734', 'Barangay Sta. Cruz, Roxas City, Capiz', 'Administrative Officer III', 'PLANTILLA-2024-022', 'Office of the City General Services Officer', 'Highschool Graduate', 4, 0, 'For Deliberation'),
  ('ABYAN-2026-110', 'Aiza', 'Legaspi', 'Cadigal', 'Female', 'aiza.cadigal69@gmail.com', '9536943949', 'Barangay Baybay, Roxas City, Capiz', 'Administrative Officer III', 'PLANTILLA-2024-022', 'Office of the City General Services Officer', 'Masteral Units', 4, 8, 'Qualified for Written Exam'),
  ('ABYAN-2026-111', 'Angelica', 'Alarcon', 'Sarabia', 'Female', 'angelica.sarabia51@gmail.com', '9543457461', 'Barangay Lawaan, Roxas City, Capiz', 'Public Services Officer III', 'PLANTILLA-2024-023', 'Office of the City General Services Officer', 'College Graduate', 4, 4, 'Finalized'),
  ('ABYAN-2026-112', 'Ricardo', 'Nava', 'Pacete', 'Male', 'ricardo.pacete7@gmail.com', '9959909397', 'Barangay Punta Tabuc, Roxas City, Capiz', 'Public Services Officer III', 'PLANTILLA-2024-023', 'Office of the City General Services Officer', 'College Graduate', 8, 10, 'Finalized'),
  ('ABYAN-2026-113', 'Mark Anthony', 'Fajardo', 'Bernal', 'Male', 'mark.bernal84@gmail.com', '9709010256', 'Barangay Cogon, Roxas City, Capiz', 'Public Services Officer III', 'PLANTILLA-2024-023', 'Office of the City General Services Officer', 'College Graduate', 8, 1, 'Qualified for Written Exam'),
  ('ABYAN-2026-114', 'Marites', 'Divinagracia', 'Cadigal', 'Female', 'marites.cadigal64@gmail.com', '9335856449', 'Barangay Culasi, Roxas City, Capiz', 'Public Services Officer III', 'PLANTILLA-2024-023', 'Office of the City General Services Officer', 'Graduate School', 2, 10, 'For Deliberation'),
  ('ABYAN-2026-115', 'Ricardo', 'Camino', 'Ledesma', 'Male', 'ricardo.ledesma60@gmail.com', '9444234838', 'Barangay Liong, Roxas City, Capiz', 'Public Services Officer III', 'PLANTILLA-2024-023', 'Office of the City General Services Officer', 'Highschool Level', 6, 4, 'Not Qualified'),
  ('ABYAN-2026-116', 'Cristina', 'Cordova', 'Alarcon', 'Female', 'cristina.alarcon12@gmail.com', '9612600296', 'Barangay Tanque, Roxas City, Capiz', 'Administrative Officer V', 'PLANTILLA-2024-024', 'Office of the City General Services Officer', 'College Graduate', 3, 0, 'Finalized'),
  ('ABYAN-2026-117', 'Gerald', 'Fernandez', 'Cordova', 'Male', 'gerald.cordova8@gmail.com', '9952983483', 'Barangay Tiza, Roxas City, Capiz', 'Administrative Officer V', 'PLANTILLA-2024-024', 'Office of the City General Services Officer', 'Elementary Level', 7, 3, 'Finalized'),
  ('ABYAN-2026-118', 'Cristina', 'Belmonte', 'Delfin', 'Female', 'cristina.delfin62@gmail.com', '9298633275', 'Barangay Pueblo, Roxas City, Capiz', 'Administrative Officer V', 'PLANTILLA-2024-024', 'Office of the City General Services Officer', 'Graduate School', 5, 11, 'Qualified for Written Exam'),
  ('ABYAN-2026-119', 'Divina', 'Distura', 'Villanueva', 'Female', 'divina.villanueva73@gmail.com', '9242036128', 'Barangay Cogon, Roxas City, Capiz', 'Administrative Officer V', 'PLANTILLA-2024-024', 'Office of the City General Services Officer', 'Masteral Units', 4, 3, 'For Deliberation'),
  ('ABYAN-2026-120', 'Ferdinand', 'Fernandez', 'Camino', 'Male', 'ferdinand.camino59@gmail.com', '9821968662', 'Barangay Tiza, Roxas City, Capiz', 'Administrative Officer V', 'PLANTILLA-2024-024', 'Office of the City General Services Officer', 'College Graduate', 4, 11, 'For Deliberation'),
  ('ABYAN-2026-121', 'Alma', 'Delfin', 'Fajardo', 'Female', 'alma.fajardo37@gmail.com', '9624019585', 'Barangay Milibili, Roxas City, Capiz', 'Public Services Officer IV', 'PLANTILLA-2024-025', 'Office of the City General Services Officer', 'College Level', 1, 11, 'Finalized'),
  ('ABYAN-2026-122', 'Liezel', 'Sarabia', 'Gorriceta', 'Female', 'liezel.gorriceta97@gmail.com', '9126005700', 'Barangay Tiza, Roxas City, Capiz', 'Public Services Officer IV', 'PLANTILLA-2024-025', 'Office of the City General Services Officer', 'College Graduate', 7, 6, 'Finalized'),
  ('ABYAN-2026-123', 'Shiela', 'Belmonte', 'Betita', 'Female', 'shiela.betita99@gmail.com', '9125037710', 'Barangay Cogon, Roxas City, Capiz', 'Public Services Officer IV', 'PLANTILLA-2024-025', 'Office of the City General Services Officer', 'College Level', 6, 2, 'Not Qualified'),
  ('ABYAN-2026-124', 'Ronnel', 'Escosio', 'Bermejo', 'Male', 'ronnel.bermejo28@gmail.com', '9173351084', 'Barangay Lawaan, Roxas City, Capiz', 'Public Services Officer IV', 'PLANTILLA-2024-025', 'Office of the City General Services Officer', 'College Graduate', 1, 3, 'Not Qualified'),
  ('ABYAN-2026-125', 'Carlo', 'Cabusas', 'Palma', 'Male', 'carlo.palma76@gmail.com', '9328167236', 'Barangay Adlawan, Roxas City, Capiz', 'Public Services Officer IV', 'PLANTILLA-2024-025', 'Office of the City General Services Officer', 'College Graduate', 6, 3, 'Qualified for Interview'),
  ('ABYAN-2026-126', 'Noel', 'Betita', 'Gorriceta', 'Male', 'noel.gorriceta60@gmail.com', '9177923579', 'Barangay Sta. Cruz, Roxas City, Capiz', 'Administrative Officer III', 'PLANTILLA-2024-026', 'Office of the City General Services Officer', 'Masteral Units', 6, 11, 'Finalized'),
  ('ABYAN-2026-127', 'Rafael', 'Alarcon', 'Legaspi', 'Male', 'rafael.legaspi28@gmail.com', '9714504577', 'Barangay Cabugao, Roxas City, Capiz', 'Administrative Officer III', 'PLANTILLA-2024-026', 'Office of the City General Services Officer', 'College Level', 2, 7, 'Finalized'),
  ('ABYAN-2026-128', 'Editha', 'Delfin', 'Distura', 'Female', 'editha.distura42@gmail.com', '9467386444', 'Barangay Tiza, Roxas City, Capiz', 'Administrative Officer III', 'PLANTILLA-2024-026', 'Office of the City General Services Officer', 'Graduate School', 2, 11, 'Qualified for Written Exam'),
  ('ABYAN-2026-129', 'Katrina', 'Sonza', 'Sonza', 'Female', 'katrina.sonza73@gmail.com', '9383448176', 'Barangay Bolo, Roxas City, Capiz', 'Administrative Officer III', 'PLANTILLA-2024-026', 'Office of the City General Services Officer', 'College Graduate', 8, 7, 'Qualified for Interview'),
  ('ABYAN-2026-130', 'Shiela', 'Cabusas', 'Belmonte', 'Female', 'shiela.belmonte32@gmail.com', '9736663388', 'Barangay Baybay, Roxas City, Capiz', 'Administrative Officer III', 'PLANTILLA-2024-026', 'Office of the City General Services Officer', 'College Graduate', 7, 4, 'Not Qualified'),
  ('ABYAN-2026-131', 'Alma', 'Betita', 'Salazar', 'Female', 'alma.salazar53@gmail.com', '9274882808', 'Barangay Dumolog, Roxas City, Capiz', 'Administrative Officer V', 'PLANTILLA-2024-027', 'Office of the City General Services Officer', 'College Graduate', 6, 2, 'Finalized'),
  ('ABYAN-2026-132', 'Juan', 'Tupas', 'Delfin', 'Male', 'juan.delfin93@gmail.com', '9459988193', 'Barangay Lawaan, Roxas City, Capiz', 'Administrative Officer V', 'PLANTILLA-2024-027', 'Office of the City General Services Officer', 'College Graduate', 1, 9, 'Finalized'),
  ('ABYAN-2026-133', 'Rodel', 'Duran', 'Dolar', 'Male', 'rodel.dolar68@gmail.com', '9426946534', 'Barangay Baybay, Roxas City, Capiz', 'Administrative Officer V', 'PLANTILLA-2024-027', 'Office of the City General Services Officer', 'Masteral Units', 3, 1, 'Qualified for Written Exam'),
  ('ABYAN-2026-134', 'Jennifer', 'Palma', 'Fajardo', 'Female', 'jennifer.fajardo61@gmail.com', '9171158547', 'Barangay Tanque, Roxas City, Capiz', 'Administrative Officer V', 'PLANTILLA-2024-027', 'Office of the City General Services Officer', 'College Graduate', 4, 11, 'For Deliberation'),
  ('ABYAN-2026-135', 'Gerald', 'Legaspi', 'Dolar', 'Male', 'gerald.dolar73@gmail.com', '9705548220', 'Barangay Culasi, Roxas City, Capiz', 'Administrative Officer V', 'PLANTILLA-2024-027', 'Office of the City General Services Officer', 'College Graduate', 6, 9, 'Qualified for Written Exam'),
  ('ABYAN-2026-136', 'Alvin', 'Cabusas', 'Sarabia', 'Male', 'alvin.sarabia87@gmail.com', '9796565503', 'Barangay San Jose, Roxas City, Capiz', 'City Government Assistant Department Head II', 'PLANTILLA-2024-028', 'Office of the City General Services Officer', 'Graduate School', 1, 2, 'Finalized'),
  ('ABYAN-2026-137', 'Renante', 'Nava', 'Pacete', 'Male', 'renante.pacete58@gmail.com', '9724827527', 'Barangay Pueblo, Roxas City, Capiz', 'City Government Assistant Department Head II', 'PLANTILLA-2024-028', 'Office of the City General Services Officer', 'College Graduate', 6, 0, 'Finalized'),
  ('ABYAN-2026-138', 'Genalyn', 'Dolar', 'Belmonte', 'Female', 'genalyn.belmonte82@gmail.com', '9297536772', 'Barangay Cabugao, Roxas City, Capiz', 'City Government Assistant Department Head II', 'PLANTILLA-2024-028', 'Office of the City General Services Officer', 'College Graduate', 2, 9, 'Qualified for Interview'),
  ('ABYAN-2026-139', 'Grace', 'Bernal', 'Delgado', 'Female', 'grace.delgado58@gmail.com', '9819597330', 'Barangay Sta. Cruz, Roxas City, Capiz', 'City Government Assistant Department Head II', 'PLANTILLA-2024-028', 'Office of the City General Services Officer', 'Graduate School', 8, 5, 'Qualified for Written Exam'),
  ('ABYAN-2026-140', 'Juan', 'Bernal', 'Duran', 'Male', 'juan.duran32@gmail.com', '9839742683', 'Barangay Tanque, Roxas City, Capiz', 'City Government Assistant Department Head II', 'PLANTILLA-2024-028', 'Office of the City General Services Officer', 'College Graduate', 6, 6, 'Not Qualified'),
  ('ABYAN-2026-141', 'Cristina', 'Villanueva', 'Sarabia', 'Female', 'cristina.sarabia59@gmail.com', '9233273137', 'Barangay Lawaan, Roxas City, Capiz', 'Assistant Department Head II', 'PLANTILLA-2024-029', 'City Health Office', 'College Graduate', 8, 2, 'Finalized'),
  ('ABYAN-2026-142', 'Rafael', 'Fernandez', 'Gorriceta', 'Male', 'rafael.gorriceta38@gmail.com', '9989237735', 'Barangay Punta Tabuc, Roxas City, Capiz', 'Assistant Department Head II', 'PLANTILLA-2024-029', 'City Health Office', 'Masteral Units', 6, 7, 'Finalized'),
  ('ABYAN-2026-143', 'Charmaine', 'Sonza', 'Fajardo', 'Female', 'charmaine.fajardo38@gmail.com', '9982160289', 'Barangay Sta. Cruz, Roxas City, Capiz', 'Assistant Department Head II', 'PLANTILLA-2024-029', 'City Health Office', 'College Graduate', 4, 9, 'Qualified for Written Exam'),
  ('ABYAN-2026-144', 'Rosalie', 'Betita', 'Escosio', 'Female', 'rosalie.escosio62@gmail.com', '9847724393', 'Barangay Sta. Cruz, Roxas City, Capiz', 'Assistant Department Head II', 'PLANTILLA-2024-029', 'City Health Office', 'College Level', 3, 11, 'Not Qualified'),
  ('ABYAN-2026-145', 'Renante', 'Palma', 'Arnaiz', 'Male', 'renante.arnaiz83@gmail.com', '9967704473', 'Barangay Cabugao, Roxas City, Capiz', 'Assistant Department Head II', 'PLANTILLA-2024-029', 'City Health Office', 'College Graduate', 2, 1, 'Not Qualified'),
  ('ABYAN-2026-146', 'Grace', 'Delfin', 'Sumagaysay', 'Female', 'grace.sumagaysay45@gmail.com', '9496755703', 'Barangay Tiza, Roxas City, Capiz', 'Medical Officer IV', 'PLANTILLA-2024-030', 'City Health Office', 'College Level', 4, 7, 'Finalized'),
  ('ABYAN-2026-147', 'Rodel', 'Solinap', 'Duran', 'Male', 'rodel.duran95@gmail.com', '9419656941', 'Barangay Tanque, Roxas City, Capiz', 'Medical Officer IV', 'PLANTILLA-2024-030', 'City Health Office', 'College Graduate', 8, 11, 'Finalized'),
  ('ABYAN-2026-148', 'Edgar', 'Distura', 'Dolar', 'Male', 'edgar.dolar95@gmail.com', '9884310554', 'Barangay Tiza, Roxas City, Capiz', 'Medical Officer IV', 'PLANTILLA-2024-030', 'City Health Office', 'Graduate School', 4, 6, 'For Initial Review'),
  ('ABYAN-2026-149', 'Charmaine', 'Delfin', 'Distura', 'Female', 'charmaine.distura34@gmail.com', '9959212178', 'Barangay Cabugao, Roxas City, Capiz', 'Medical Officer IV', 'PLANTILLA-2024-030', 'City Health Office', 'College Level', 2, 9, 'Qualified for Interview'),
  ('ABYAN-2026-150', 'Vanessa', 'Belmonte', 'Belmonte', 'Female', 'vanessa.belmonte15@gmail.com', '9337263036', 'Barangay Milibili, Roxas City, Capiz', 'Medical Officer IV', 'PLANTILLA-2024-030', 'City Health Office', 'Highschool Graduate', 6, 7, 'Qualified for Interview');

-- applicant_scores (150)
INSERT INTO applicant_scores (applicant_ref, job_ref, applicant_name, exam_schedule, interview_schedule, educ, exp, perf, written, potential, pcpt, oral, overall_rating, status) VALUES
  ('ABYAN-2026-001', 'PLANTILLA-2024-001', 'Lorna Legaspi Delgado', 'May 23, 2026', 'Original', 14, 16, 18, 73, 20, 17, 16, 3.5, 'Finalized'),
  ('ABYAN-2026-002', 'PLANTILLA-2024-001', 'Jennifer Distura Cabusas', 'May 22, 2026', 'Original', 14, 18, 13, 82, 19, 19, 17, 3.5, 'Finalized'),
  ('ABYAN-2026-003', 'PLANTILLA-2024-001', 'Divina Cabusas Estardo', 'May 28, 2026', 'June 09, 2026', NULL, NULL, NULL, 77, NULL, NULL, NULL, NULL, 'Qualified for Interview'),
  ('ABYAN-2026-004', 'PLANTILLA-2024-001', 'Renante Fernandez Fajardo', 'May 28, 2026', 'June 08, 2026', NULL, NULL, NULL, 74, NULL, NULL, NULL, NULL, 'For Deliberation'),
  ('ABYAN-2026-005', 'PLANTILLA-2024-001', 'Cherry Camino Fajardo', 'May 28, 2026', NULL, NULL, NULL, NULL, NULL, NULL, NULL, NULL, NULL, 'Qualified for Written Exam'),
  ('ABYAN-2026-006', 'PLANTILLA-2024-002', 'Vanessa Arnaiz Camino', 'May 19, 2026', 'Original', 16, 21, 14, 84, 15, 16, 20, 3.6, 'Finalized'),
  ('ABYAN-2026-007', 'PLANTILLA-2024-002', 'Marife Betita Delfin', 'May 25, 2026', 'Original', 14, 16, 17, 98, 19, 15, 12, 3.4, 'Finalized'),
  ('ABYAN-2026-008', 'PLANTILLA-2024-002', 'Marife Bernal Arnaiz', NULL, NULL, NULL, NULL, NULL, NULL, NULL, NULL, NULL, NULL, 'Not Qualified'),
  ('ABYAN-2026-009', 'PLANTILLA-2024-002', 'Rowena Betita Sonza', NULL, NULL, NULL, NULL, NULL, NULL, NULL, NULL, NULL, NULL, 'Not Qualified'),
  ('ABYAN-2026-010', 'PLANTILLA-2024-002', 'Nathaniel Betita Cadigal', 'May 26, 2026', NULL, NULL, NULL, NULL, NULL, NULL, NULL, NULL, NULL, 'Qualified for Written Exam'),
  ('ABYAN-2026-011', 'PLANTILLA-2024-003', 'Lorna Ledesma Solinap', 'May 18, 2026', 'Original', 17, 20, 13, 77, 18, 15, 20, 3.5, 'Finalized'),
  ('ABYAN-2026-012', 'PLANTILLA-2024-003', 'Jonalyn Alarcon Estardo', 'May 20, 2026', 'Original', 17, 22, 19, 76, 21, 12, 14, 3.6, 'Finalized'),
  ('ABYAN-2026-013', 'PLANTILLA-2024-003', 'Katrina Ledesma Fernandez', NULL, NULL, NULL, NULL, NULL, NULL, NULL, NULL, NULL, NULL, 'For Initial Review'),
  ('ABYAN-2026-014', 'PLANTILLA-2024-003', 'Ma. Theresa Cabusas Camino', NULL, NULL, NULL, NULL, NULL, NULL, NULL, NULL, NULL, NULL, 'For Initial Review'),
  ('ABYAN-2026-015', 'PLANTILLA-2024-003', 'Rowena Camino Palma', 'May 20, 2026', 'June 05, 2026', NULL, NULL, NULL, 84, NULL, NULL, NULL, NULL, 'For Deliberation'),
  ('ABYAN-2026-016', 'PLANTILLA-2024-004', 'Jose Distura Distura', 'May 20, 2026', 'Original', 17, 23, 16, 89, 25, 20, 12, 3.9, 'Finalized'),
  ('ABYAN-2026-017', 'PLANTILLA-2024-004', 'Michael Fajardo Sumagaysay', 'May 28, 2026', 'Original', 19, 19, 20, 85, 19, 12, 13, 3.6, 'Finalized'),
  ('ABYAN-2026-018', 'PLANTILLA-2024-004', 'Edgar Sumalinog Divinagracia', NULL, NULL, NULL, NULL, NULL, NULL, NULL, NULL, NULL, NULL, 'For Initial Review'),
  ('ABYAN-2026-019', 'PLANTILLA-2024-004', 'Precious Distura Belderol', 'May 28, 2026', NULL, NULL, NULL, NULL, NULL, NULL, NULL, NULL, NULL, 'Qualified for Written Exam'),
  ('ABYAN-2026-020', 'PLANTILLA-2024-004', 'Ronald Dolar Camba', 'May 29, 2026', NULL, NULL, NULL, NULL, NULL, NULL, NULL, NULL, NULL, 'Qualified for Written Exam'),
  ('ABYAN-2026-021', 'PLANTILLA-2024-005', 'Christian Duran Alarcon', 'May 22, 2026', 'Original', 20, 16, 16, 81, 25, 20, 18, 3.9, 'Finalized'),
  ('ABYAN-2026-022', 'PLANTILLA-2024-005', 'Julius Sonza Camba', 'May 24, 2026', 'Original', 18, 23, 13, 82, 24, 15, 16, 3.8, 'Finalized'),
  ('ABYAN-2026-023', 'PLANTILLA-2024-005', 'Genalyn Bernal Padilla', 'May 24, 2026', 'June 05, 2026', NULL, NULL, NULL, 87, NULL, NULL, NULL, NULL, 'Qualified for Interview'),
  ('ABYAN-2026-024', 'PLANTILLA-2024-005', 'Jayson Camino Escosio', 'May 25, 2026', 'June 04, 2026', NULL, NULL, NULL, 86, NULL, NULL, NULL, NULL, 'For Deliberation'),
  ('ABYAN-2026-025', 'PLANTILLA-2024-005', 'Jennifer Duran Cordova', NULL, NULL, NULL, NULL, NULL, NULL, NULL, NULL, NULL, NULL, 'Not Qualified'),
  ('ABYAN-2026-026', 'PLANTILLA-2024-006', 'Nathaniel Nava Gorriceta', 'May 21, 2026', 'Original', 15, 23, 19, 71, 23, 15, 13, 3.6, 'Finalized'),
  ('ABYAN-2026-027', 'PLANTILLA-2024-006', 'Vanessa Duran Delfin', 'May 21, 2026', 'Original', 20, 25, 16, 94, 23, 19, 15, 4.1, 'Finalized'),
  ('ABYAN-2026-028', 'PLANTILLA-2024-006', 'Michael Fernandez Nava', NULL, NULL, NULL, NULL, NULL, NULL, NULL, NULL, NULL, NULL, 'For Initial Review'),
  ('ABYAN-2026-029', 'PLANTILLA-2024-006', 'Ana Tupas Bernal', 'May 24, 2026', 'June 09, 2026', NULL, NULL, NULL, 93, NULL, NULL, NULL, NULL, 'For Deliberation'),
  ('ABYAN-2026-030', 'PLANTILLA-2024-006', 'Michael Ledesma Salazar', 'May 27, 2026', NULL, NULL, NULL, NULL, NULL, NULL, NULL, NULL, NULL, 'Qualified for Written Exam'),
  ('ABYAN-2026-031', 'PLANTILLA-2024-007', 'Rommel Ledesma Divinagracia', 'May 23, 2026', 'Original', 16, 21, 16, 94, 21, 16, 13, 3.7, 'Finalized'),
  ('ABYAN-2026-032', 'PLANTILLA-2024-007', 'Rommel Bernal Bermejo', 'May 20, 2026', 'Original', 17, 25, 13, 88, 18, 19, 16, 3.8, 'Finalized'),
  ('ABYAN-2026-033', 'PLANTILLA-2024-007', 'Ricardo Fajardo Belmonte', NULL, NULL, NULL, NULL, NULL, NULL, NULL, NULL, NULL, NULL, 'Not Qualified'),
  ('ABYAN-2026-034', 'PLANTILLA-2024-007', 'Aiza Gorriceta Ledesma', 'May 18, 2026', 'June 07, 2026', NULL, NULL, NULL, 85, NULL, NULL, NULL, NULL, 'Qualified for Interview'),
  ('ABYAN-2026-035', 'PLANTILLA-2024-007', 'Dennis Dolar Camino', NULL, NULL, NULL, NULL, NULL, NULL, NULL, NULL, NULL, NULL, 'Not Qualified'),
  ('ABYAN-2026-036', 'PLANTILLA-2024-008', 'Cherry Arnaiz Cordova', 'May 21, 2026', 'Original', 16, 19, 17, 78, 24, 16, 20, 3.8, 'Finalized'),
  ('ABYAN-2026-037', 'PLANTILLA-2024-008', 'Roel Ledesma Salazar', 'May 19, 2026', 'Original', 16, 18, 18, 92, 18, 16, 17, 3.7, 'Finalized'),
  ('ABYAN-2026-038', 'PLANTILLA-2024-008', 'Alma Distura Padilla', 'May 19, 2026', 'June 09, 2026', NULL, NULL, NULL, 94, NULL, NULL, NULL, NULL, 'Qualified for Interview'),
  ('ABYAN-2026-039', 'PLANTILLA-2024-008', 'Josephine Cordova Belmonte', 'May 22, 2026', NULL, NULL, NULL, NULL, NULL, NULL, NULL, NULL, NULL, 'Qualified for Written Exam'),
  ('ABYAN-2026-040', 'PLANTILLA-2024-008', 'Mark Anthony Distura Cabusas', NULL, NULL, NULL, NULL, NULL, NULL, NULL, NULL, NULL, NULL, 'Not Qualified'),
  ('ABYAN-2026-041', 'PLANTILLA-2024-009', 'Cristina Salazar Legaspi', 'May 27, 2026', 'Original', 19, 25, 12, 74, 17, 16, 13, 3.5, 'Finalized'),
  ('ABYAN-2026-042', 'PLANTILLA-2024-009', 'Jonalyn Cabusas Tupas', 'May 28, 2026', 'Original', 15, 19, 13, 75, 18, 14, 20, 3.4, 'Finalized'),
  ('ABYAN-2026-043', 'PLANTILLA-2024-009', 'Divina Escosio Villanueva', 'May 28, 2026', 'June 10, 2026', NULL, NULL, NULL, 91, NULL, NULL, NULL, NULL, 'Qualified for Interview'),
  ('ABYAN-2026-044', 'PLANTILLA-2024-009', 'Danilo Sonza Belderol', NULL, NULL, NULL, NULL, NULL, NULL, NULL, NULL, NULL, NULL, 'For Initial Review'),
  ('ABYAN-2026-045', 'PLANTILLA-2024-009', 'Ma. Theresa Distura Salazar', NULL, NULL, NULL, NULL, NULL, NULL, NULL, NULL, NULL, NULL, 'For Initial Review'),
  ('ABYAN-2026-046', 'PLANTILLA-2024-010', 'Wilfredo Sumalinog Camba', 'May 25, 2026', 'Original', 16, 21, 17, 80, 25, 13, 14, 3.7, 'Finalized'),
  ('ABYAN-2026-047', 'PLANTILLA-2024-010', 'Marife Sumalinog Fernandez', 'May 18, 2026', 'Original', 19, 23, 19, 83, 15, 15, 20, 3.8, 'Finalized'),
  ('ABYAN-2026-048', 'PLANTILLA-2024-010', 'Christian Sonza Fernandez', NULL, NULL, NULL, NULL, NULL, NULL, NULL, NULL, NULL, NULL, 'Not Qualified'),
  ('ABYAN-2026-049', 'PLANTILLA-2024-010', 'Jennifer Alarcon Naguit', 'May 24, 2026', 'June 08, 2026', NULL, NULL, NULL, 85, NULL, NULL, NULL, NULL, 'Qualified for Interview'),
  ('ABYAN-2026-050', 'PLANTILLA-2024-010', 'Danilo Escosio Delfin', 'May 18, 2026', 'June 05, 2026', NULL, NULL, NULL, 93, NULL, NULL, NULL, NULL, 'Qualified for Interview'),
  ('ABYAN-2026-051', 'PLANTILLA-2024-011', 'Shiela Solinap Duran', 'May 21, 2026', 'Original', 20, 21, 12, 80, 22, 18, 18, 3.8, 'Finalized'),
  ('ABYAN-2026-052', 'PLANTILLA-2024-011', 'Ariel Tirol Belmonte', 'May 24, 2026', 'Original', 20, 25, 14, 72, 22, 16, 17, 3.8, 'Finalized'),
  ('ABYAN-2026-053', 'PLANTILLA-2024-011', 'Aiza Gorriceta Arnaiz', 'May 28, 2026', NULL, NULL, NULL, NULL, NULL, NULL, NULL, NULL, NULL, 'Qualified for Written Exam'),
  ('ABYAN-2026-054', 'PLANTILLA-2024-011', 'Grace Sumalinog Sumagaysay', 'May 24, 2026', 'June 03, 2026', NULL, NULL, NULL, 77, NULL, NULL, NULL, NULL, 'Qualified for Interview'),
  ('ABYAN-2026-055', 'PLANTILLA-2024-011', 'Jose Escosio Gorriceta', 'May 25, 2026', 'June 05, 2026', NULL, NULL, NULL, 91, NULL, NULL, NULL, NULL, 'Qualified for Interview'),
  ('ABYAN-2026-056', 'PLANTILLA-2024-012', 'Allan Palma Belmonte', 'May 25, 2026', 'Original', 14, 18, 18, 88, 20, 16, 16, 3.6, 'Finalized'),
  ('ABYAN-2026-057', 'PLANTILLA-2024-012', 'Vincent Legaspi Cadigal', 'May 28, 2026', 'Original', 15, 24, 16, 91, 25, 14, 13, 3.8, 'Finalized'),
  ('ABYAN-2026-058', 'PLANTILLA-2024-012', 'Ana Camino Sonza', 'May 26, 2026', NULL, NULL, NULL, NULL, NULL, NULL, NULL, NULL, NULL, 'Qualified for Written Exam'),
  ('ABYAN-2026-059', 'PLANTILLA-2024-012', 'Michael Cabusas Villanueva', 'May 21, 2026', NULL, NULL, NULL, NULL, NULL, NULL, NULL, NULL, NULL, 'Qualified for Written Exam'),
  ('ABYAN-2026-060', 'PLANTILLA-2024-012', 'Renante Belmonte Delgado', NULL, NULL, NULL, NULL, NULL, NULL, NULL, NULL, NULL, NULL, 'For Initial Review'),
  ('ABYAN-2026-061', 'PLANTILLA-2024-013', 'Editha Escosio Betita', 'May 18, 2026', 'Original', 14, 19, 19, 73, 16, 15, 20, 3.5, 'Finalized'),
  ('ABYAN-2026-062', 'PLANTILLA-2024-013', 'Precious Cordova Belderol', 'May 21, 2026', 'Original', 17, 22, 15, 97, 20, 13, 17, 3.7, 'Finalized'),
  ('ABYAN-2026-063', 'PLANTILLA-2024-013', 'Josephine Tupas Naguit', 'May 21, 2026', 'June 03, 2026', NULL, NULL, NULL, 95, NULL, NULL, NULL, NULL, 'Qualified for Interview'),
  ('ABYAN-2026-064', 'PLANTILLA-2024-013', 'Carlo Legaspi Betita', 'May 20, 2026', 'June 02, 2026', NULL, NULL, NULL, 91, NULL, NULL, NULL, NULL, 'Qualified for Interview'),
  ('ABYAN-2026-065', 'PLANTILLA-2024-013', 'Vincent Fernandez Villaruel', 'May 25, 2026', 'June 06, 2026', NULL, NULL, NULL, 86, NULL, NULL, NULL, NULL, 'For Deliberation'),
  ('ABYAN-2026-066', 'PLANTILLA-2024-014', 'Roel Padilla Camino', 'May 25, 2026', 'Original', 19, 22, 13, 98, 16, 17, 14, 3.6, 'Finalized'),
  ('ABYAN-2026-067', 'PLANTILLA-2024-014', 'Vanessa Tirol Cabusas', 'May 25, 2026', 'Original', 15, 21, 17, 96, 22, 18, 18, 3.9, 'Finalized'),
  ('ABYAN-2026-068', 'PLANTILLA-2024-014', 'Rowena Sonza Sonza', NULL, NULL, NULL, NULL, NULL, NULL, NULL, NULL, NULL, NULL, 'For Initial Review'),
  ('ABYAN-2026-069', 'PLANTILLA-2024-014', 'Rowena Fajardo Bernal', NULL, NULL, NULL, NULL, NULL, NULL, NULL, NULL, NULL, NULL, 'For Initial Review'),
  ('ABYAN-2026-070', 'PLANTILLA-2024-014', 'Michelle Legaspi Sumagaysay', NULL, NULL, NULL, NULL, NULL, NULL, NULL, NULL, NULL, NULL, 'Not Qualified'),
  ('ABYAN-2026-071', 'PLANTILLA-2024-015', 'Ferdinand Sonza Escosio', 'May 20, 2026', 'Original', 19, 25, 12, 72, 23, 15, 18, 3.8, 'Finalized'),
  ('ABYAN-2026-072', 'PLANTILLA-2024-015', 'Katrina Cordova Nava', 'May 22, 2026', 'Original', 17, 25, 18, 85, 24, 19, 18, 4.1, 'Finalized'),
  ('ABYAN-2026-073', 'PLANTILLA-2024-015', 'Genalyn Fajardo Cabusas', NULL, NULL, NULL, NULL, NULL, NULL, NULL, NULL, NULL, NULL, 'Not Qualified'),
  ('ABYAN-2026-074', 'PLANTILLA-2024-015', 'Wilfredo Villanueva Legaspi', 'May 26, 2026', 'June 04, 2026', NULL, NULL, NULL, 86, NULL, NULL, NULL, NULL, 'For Deliberation'),
  ('ABYAN-2026-075', 'PLANTILLA-2024-015', 'Aiza Cordova Bermejo', 'May 22, 2026', 'June 02, 2026', NULL, NULL, NULL, 82, NULL, NULL, NULL, NULL, 'For Deliberation'),
  ('ABYAN-2026-076', 'PLANTILLA-2024-016', 'Jennifer Ledesma Sumagaysay', 'May 23, 2026', 'Original', 20, 17, 13, 86, 25, 13, 20, 3.8, 'Finalized'),
  ('ABYAN-2026-077', 'PLANTILLA-2024-016', 'Jerome Fajardo Belderol', 'May 25, 2026', 'Original', 20, 24, 19, 91, 24, 17, 17, 4.2, 'Finalized'),
  ('ABYAN-2026-078', 'PLANTILLA-2024-016', 'Elena Divinagracia Sarabia', NULL, NULL, NULL, NULL, NULL, NULL, NULL, NULL, NULL, NULL, 'For Initial Review'),
  ('ABYAN-2026-079', 'PLANTILLA-2024-016', 'Jonalyn Camino Fernandez', NULL, NULL, NULL, NULL, NULL, NULL, NULL, NULL, NULL, NULL, 'Not Qualified'),
  ('ABYAN-2026-080', 'PLANTILLA-2024-016', 'Grace Padilla Padilla', 'May 26, 2026', 'June 09, 2026', NULL, NULL, NULL, 89, NULL, NULL, NULL, NULL, 'For Deliberation'),
  ('ABYAN-2026-081', 'PLANTILLA-2024-017', 'Genalyn Sumalinog Padilla', 'May 26, 2026', 'Original', 19, 21, 16, 78, 25, 14, 17, 3.8, 'Finalized'),
  ('ABYAN-2026-082', 'PLANTILLA-2024-017', 'Elena Nava Fajardo', 'May 19, 2026', 'Original', 19, 25, 18, 86, 20, 12, 17, 3.8, 'Finalized'),
  ('ABYAN-2026-083', 'PLANTILLA-2024-017', 'Angelica Alarcon Divinagracia', NULL, NULL, NULL, NULL, NULL, NULL, NULL, NULL, NULL, NULL, 'Not Qualified'),
  ('ABYAN-2026-084', 'PLANTILLA-2024-017', 'Ferdinand Duran Tirol', 'May 21, 2026', 'June 09, 2026', NULL, NULL, NULL, 77, NULL, NULL, NULL, NULL, 'For Deliberation'),
  ('ABYAN-2026-085', 'PLANTILLA-2024-017', 'Jonalyn Sumalinog Cabusas', NULL, NULL, NULL, NULL, NULL, NULL, NULL, NULL, NULL, NULL, 'For Initial Review'),
  ('ABYAN-2026-086', 'PLANTILLA-2024-018', 'Ricardo Bernal Tirol', 'May 24, 2026', 'Original', 14, 21, 20, 81, 18, 18, 13, 3.6, 'Finalized'),
  ('ABYAN-2026-087', 'PLANTILLA-2024-018', 'Carlo Nava Padilla', 'May 25, 2026', 'Original', 18, 15, 13, 70, 19, 15, 14, 3.2, 'Finalized'),
  ('ABYAN-2026-088', 'PLANTILLA-2024-018', 'Wilfredo Divinagracia Cordova', NULL, NULL, NULL, NULL, NULL, NULL, NULL, NULL, NULL, NULL, 'For Initial Review'),
  ('ABYAN-2026-089', 'PLANTILLA-2024-018', 'Nathaniel Villanueva Cabusas', 'May 19, 2026', 'June 09, 2026', NULL, NULL, NULL, 87, NULL, NULL, NULL, NULL, 'Qualified for Interview'),
  ('ABYAN-2026-090', 'PLANTILLA-2024-018', 'Ana Betita Gorriceta', NULL, NULL, NULL, NULL, NULL, NULL, NULL, NULL, NULL, NULL, 'For Initial Review'),
  ('ABYAN-2026-091', 'PLANTILLA-2024-019', 'Noel Distura Padilla', 'May 19, 2026', 'Original', 19, 22, 12, 79, 18, 12, 15, 3.4, 'Finalized'),
  ('ABYAN-2026-092', 'PLANTILLA-2024-019', 'Josephine Salazar Solinap', 'May 24, 2026', 'Original', 19, 22, 18, 80, 17, 19, 19, 3.9, 'Finalized'),
  ('ABYAN-2026-093', 'PLANTILLA-2024-019', 'Jennifer Ledesma Ledesma', 'May 22, 2026', 'June 08, 2026', NULL, NULL, NULL, 89, NULL, NULL, NULL, NULL, 'Qualified for Interview'),
  ('ABYAN-2026-094', 'PLANTILLA-2024-019', 'Jonalyn Salazar Duran', 'May 26, 2026', 'June 03, 2026', NULL, NULL, NULL, 70, NULL, NULL, NULL, NULL, 'Qualified for Interview'),
  ('ABYAN-2026-095', 'PLANTILLA-2024-019', 'Jose Alarcon Sonza', 'May 19, 2026', 'June 10, 2026', NULL, NULL, NULL, 74, NULL, NULL, NULL, NULL, 'For Deliberation'),
  ('ABYAN-2026-096', 'PLANTILLA-2024-020', 'Michelle Fajardo Villaruel', 'May 29, 2026', 'Original', 17, 18, 16, 92, 22, 15, 13, 3.6, 'Finalized'),
  ('ABYAN-2026-097', 'PLANTILLA-2024-020', 'Jennifer Padilla Nava', 'May 23, 2026', 'Original', 18, 18, 13, 76, 17, 15, 19, 3.4, 'Finalized'),
  ('ABYAN-2026-098', 'PLANTILLA-2024-020', 'Jayson Sarabia Pacete', NULL, NULL, NULL, NULL, NULL, NULL, NULL, NULL, NULL, NULL, 'Not Qualified'),
  ('ABYAN-2026-099', 'PLANTILLA-2024-020', 'Jonalyn Gorriceta Camino', 'May 22, 2026', NULL, NULL, NULL, NULL, NULL, NULL, NULL, NULL, NULL, 'Qualified for Written Exam'),
  ('ABYAN-2026-100', 'PLANTILLA-2024-020', 'Ma. Theresa Sarabia Cabusas', NULL, NULL, NULL, NULL, NULL, NULL, NULL, NULL, NULL, NULL, 'Not Qualified'),
  ('ABYAN-2026-101', 'PLANTILLA-2024-021', 'Ferdinand Gorriceta Ledesma', 'May 27, 2026', 'Original', 17, 24, 12, 85, 25, 20, 16, 3.9, 'Finalized'),
  ('ABYAN-2026-102', 'PLANTILLA-2024-021', 'Katrina Arnaiz Estardo', 'May 27, 2026', 'Original', 15, 20, 17, 93, 20, 18, 14, 3.7, 'Finalized'),
  ('ABYAN-2026-103', 'PLANTILLA-2024-021', 'Michelle Arnaiz Naguit', 'May 20, 2026', NULL, NULL, NULL, NULL, NULL, NULL, NULL, NULL, NULL, 'Qualified for Written Exam'),
  ('ABYAN-2026-104', 'PLANTILLA-2024-021', 'Gerald Tirol Alarcon', 'May 27, 2026', NULL, NULL, NULL, NULL, NULL, NULL, NULL, NULL, NULL, 'Qualified for Written Exam'),
  ('ABYAN-2026-105', 'PLANTILLA-2024-021', 'Vanessa Sarabia Villanueva', 'May 18, 2026', 'June 07, 2026', NULL, NULL, NULL, 71, NULL, NULL, NULL, NULL, 'Qualified for Interview'),
  ('ABYAN-2026-106', 'PLANTILLA-2024-022', 'Jennifer Belmonte Delfin', 'May 24, 2026', 'Original', 16, 20, 20, 81, 17, 15, 20, 3.7, 'Finalized'),
  ('ABYAN-2026-107', 'PLANTILLA-2024-022', 'Ariel Nava Padilla', 'May 20, 2026', 'Original', 17, 24, 16, 88, 20, 20, 20, 4, 'Finalized'),
  ('ABYAN-2026-108', 'PLANTILLA-2024-022', 'Noel Fernandez Naguit', NULL, NULL, NULL, NULL, NULL, NULL, NULL, NULL, NULL, NULL, 'Not Qualified'),
  ('ABYAN-2026-109', 'PLANTILLA-2024-022', 'Rodel Betita Gorriceta', 'May 23, 2026', 'June 07, 2026', NULL, NULL, NULL, 74, NULL, NULL, NULL, NULL, 'For Deliberation'),
  ('ABYAN-2026-110', 'PLANTILLA-2024-022', 'Aiza Legaspi Cadigal', 'May 25, 2026', NULL, NULL, NULL, NULL, NULL, NULL, NULL, NULL, NULL, 'Qualified for Written Exam'),
  ('ABYAN-2026-111', 'PLANTILLA-2024-023', 'Angelica Alarcon Sarabia', 'May 25, 2026', 'Original', 16, 23, 16, 79, 16, 20, 18, 3.7, 'Finalized'),
  ('ABYAN-2026-112', 'PLANTILLA-2024-023', 'Ricardo Nava Pacete', 'May 26, 2026', 'Original', 16, 23, 16, 74, 16, 15, 15, 3.5, 'Finalized'),
  ('ABYAN-2026-113', 'PLANTILLA-2024-023', 'Mark Anthony Fajardo Bernal', 'May 24, 2026', NULL, NULL, NULL, NULL, NULL, NULL, NULL, NULL, NULL, 'Qualified for Written Exam'),
  ('ABYAN-2026-114', 'PLANTILLA-2024-023', 'Marites Divinagracia Cadigal', 'May 20, 2026', 'June 01, 2026', NULL, NULL, NULL, 82, NULL, NULL, NULL, NULL, 'For Deliberation'),
  ('ABYAN-2026-115', 'PLANTILLA-2024-023', 'Ricardo Camino Ledesma', NULL, NULL, NULL, NULL, NULL, NULL, NULL, NULL, NULL, NULL, 'Not Qualified'),
  ('ABYAN-2026-116', 'PLANTILLA-2024-024', 'Cristina Cordova Alarcon', 'May 27, 2026', 'Original', 20, 25, 18, 96, 21, 20, 17, 4.2, 'Finalized'),
  ('ABYAN-2026-117', 'PLANTILLA-2024-024', 'Gerald Fernandez Cordova', 'May 27, 2026', 'Original', 19, 24, 12, 78, 25, 17, 15, 3.8, 'Finalized'),
  ('ABYAN-2026-118', 'PLANTILLA-2024-024', 'Cristina Belmonte Delfin', 'May 20, 2026', NULL, NULL, NULL, NULL, NULL, NULL, NULL, NULL, NULL, 'Qualified for Written Exam'),
  ('ABYAN-2026-119', 'PLANTILLA-2024-024', 'Divina Distura Villanueva', 'May 26, 2026', 'June 06, 2026', NULL, NULL, NULL, 72, NULL, NULL, NULL, NULL, 'For Deliberation'),
  ('ABYAN-2026-120', 'PLANTILLA-2024-024', 'Ferdinand Fernandez Camino', 'May 20, 2026', 'June 09, 2026', NULL, NULL, NULL, 83, NULL, NULL, NULL, NULL, 'For Deliberation'),
  ('ABYAN-2026-121', 'PLANTILLA-2024-025', 'Alma Delfin Fajardo', 'May 23, 2026', 'Original', 19, 16, 20, 71, 16, 19, 12, 3.5, 'Finalized'),
  ('ABYAN-2026-122', 'PLANTILLA-2024-025', 'Liezel Sarabia Gorriceta', 'May 19, 2026', 'Original', 15, 23, 18, 86, 17, 15, 12, 3.5, 'Finalized'),
  ('ABYAN-2026-123', 'PLANTILLA-2024-025', 'Shiela Belmonte Betita', NULL, NULL, NULL, NULL, NULL, NULL, NULL, NULL, NULL, NULL, 'Not Qualified'),
  ('ABYAN-2026-124', 'PLANTILLA-2024-025', 'Ronnel Escosio Bermejo', NULL, NULL, NULL, NULL, NULL, NULL, NULL, NULL, NULL, NULL, 'Not Qualified'),
  ('ABYAN-2026-125', 'PLANTILLA-2024-025', 'Carlo Cabusas Palma', 'May 22, 2026', 'June 01, 2026', NULL, NULL, NULL, 87, NULL, NULL, NULL, NULL, 'Qualified for Interview'),
  ('ABYAN-2026-126', 'PLANTILLA-2024-026', 'Noel Betita Gorriceta', 'May 20, 2026', 'Original', 20, 23, 19, 77, 18, 16, 14, 3.7, 'Finalized'),
  ('ABYAN-2026-127', 'PLANTILLA-2024-026', 'Rafael Alarcon Legaspi', 'May 22, 2026', 'Original', 17, 25, 12, 97, 16, 15, 20, 3.7, 'Finalized'),
  ('ABYAN-2026-128', 'PLANTILLA-2024-026', 'Editha Delfin Distura', 'May 26, 2026', NULL, NULL, NULL, NULL, NULL, NULL, NULL, NULL, NULL, 'Qualified for Written Exam'),
  ('ABYAN-2026-129', 'PLANTILLA-2024-026', 'Katrina Sonza Sonza', 'May 23, 2026', 'June 07, 2026', NULL, NULL, NULL, 71, NULL, NULL, NULL, NULL, 'Qualified for Interview'),
  ('ABYAN-2026-130', 'PLANTILLA-2024-026', 'Shiela Cabusas Belmonte', NULL, NULL, NULL, NULL, NULL, NULL, NULL, NULL, NULL, NULL, 'Not Qualified'),
  ('ABYAN-2026-131', 'PLANTILLA-2024-027', 'Alma Betita Salazar', 'May 26, 2026', 'Original', 19, 15, 20, 71, 16, 12, 12, 3.2, 'Finalized'),
  ('ABYAN-2026-132', 'PLANTILLA-2024-027', 'Juan Tupas Delfin', 'May 18, 2026', 'Original', 14, 23, 20, 83, 15, 12, 20, 3.6, 'Finalized'),
  ('ABYAN-2026-133', 'PLANTILLA-2024-027', 'Rodel Duran Dolar', 'May 27, 2026', NULL, NULL, NULL, NULL, NULL, NULL, NULL, NULL, NULL, 'Qualified for Written Exam'),
  ('ABYAN-2026-134', 'PLANTILLA-2024-027', 'Jennifer Palma Fajardo', 'May 24, 2026', 'June 07, 2026', NULL, NULL, NULL, 87, NULL, NULL, NULL, NULL, 'For Deliberation'),
  ('ABYAN-2026-135', 'PLANTILLA-2024-027', 'Gerald Legaspi Dolar', 'May 29, 2026', NULL, NULL, NULL, NULL, NULL, NULL, NULL, NULL, NULL, 'Qualified for Written Exam'),
  ('ABYAN-2026-136', 'PLANTILLA-2024-028', 'Alvin Cabusas Sarabia', 'May 27, 2026', 'Original', 15, 21, 13, 79, 17, 15, 18, 3.4, 'Finalized'),
  ('ABYAN-2026-137', 'PLANTILLA-2024-028', 'Renante Nava Pacete', 'May 27, 2026', 'Original', 20, 24, 18, 94, 20, 12, 16, 3.9, 'Finalized'),
  ('ABYAN-2026-138', 'PLANTILLA-2024-028', 'Genalyn Dolar Belmonte', 'May 20, 2026', 'June 07, 2026', NULL, NULL, NULL, 92, NULL, NULL, NULL, NULL, 'Qualified for Interview'),
  ('ABYAN-2026-139', 'PLANTILLA-2024-028', 'Grace Bernal Delgado', 'May 24, 2026', NULL, NULL, NULL, NULL, NULL, NULL, NULL, NULL, NULL, 'Qualified for Written Exam'),
  ('ABYAN-2026-140', 'PLANTILLA-2024-028', 'Juan Bernal Duran', NULL, NULL, NULL, NULL, NULL, NULL, NULL, NULL, NULL, NULL, 'Not Qualified'),
  ('ABYAN-2026-141', 'PLANTILLA-2024-029', 'Cristina Villanueva Sarabia', 'May 22, 2026', 'Original', 17, 16, 17, 78, 18, 19, 15, 3.5, 'Finalized'),
  ('ABYAN-2026-142', 'PLANTILLA-2024-029', 'Rafael Fernandez Gorriceta', 'May 23, 2026', 'Original', 18, 18, 19, 80, 17, 18, 17, 3.7, 'Finalized'),
  ('ABYAN-2026-143', 'PLANTILLA-2024-029', 'Charmaine Sonza Fajardo', 'May 25, 2026', NULL, NULL, NULL, NULL, NULL, NULL, NULL, NULL, NULL, 'Qualified for Written Exam'),
  ('ABYAN-2026-144', 'PLANTILLA-2024-029', 'Rosalie Betita Escosio', NULL, NULL, NULL, NULL, NULL, NULL, NULL, NULL, NULL, NULL, 'Not Qualified'),
  ('ABYAN-2026-145', 'PLANTILLA-2024-029', 'Renante Palma Arnaiz', NULL, NULL, NULL, NULL, NULL, NULL, NULL, NULL, NULL, NULL, 'Not Qualified'),
  ('ABYAN-2026-146', 'PLANTILLA-2024-030', 'Grace Delfin Sumagaysay', 'May 18, 2026', 'Original', 17, 16, 16, 83, 16, 13, 14, 3.3, 'Finalized'),
  ('ABYAN-2026-147', 'PLANTILLA-2024-030', 'Rodel Solinap Duran', 'May 18, 2026', 'Original', 20, 16, 12, 97, 20, 13, 14, 3.5, 'Finalized'),
  ('ABYAN-2026-148', 'PLANTILLA-2024-030', 'Edgar Distura Dolar', NULL, NULL, NULL, NULL, NULL, NULL, NULL, NULL, NULL, NULL, 'For Initial Review'),
  ('ABYAN-2026-149', 'PLANTILLA-2024-030', 'Charmaine Delfin Distura', 'May 21, 2026', 'June 08, 2026', NULL, NULL, NULL, 73, NULL, NULL, NULL, NULL, 'Qualified for Interview'),
  ('ABYAN-2026-150', 'PLANTILLA-2024-030', 'Vanessa Belmonte Belmonte', 'May 19, 2026', 'June 04, 2026', NULL, NULL, NULL, 79, NULL, NULL, NULL, NULL, 'Qualified for Interview');

-- exam_interview_schedules (150)
INSERT INTO exam_interview_schedules (job_ref, applicant_ref, applicant_name, schedule_type, sched_date, sched_time, venue) VALUES
  ('PLANTILLA-2024-001', 'ABYAN-2026-001', 'Lorna Legaspi Delgado', 'Written Examination', '2026-05-23', '2:00 PM', 'City Health Office Training Room'),
  ('PLANTILLA-2024-001', 'ABYAN-2026-002', 'Jennifer Distura Cabusas', 'Written Examination', '2026-05-22', '9:00 AM', 'City Health Office Training Room'),
  ('PLANTILLA-2024-001', 'ABYAN-2026-003', 'Divina Cabusas Estardo', 'Written Examination', '2026-05-28', '2:00 PM', 'HRMO Conference Room'),
  ('PLANTILLA-2024-001', 'ABYAN-2026-003', 'Divina Cabusas Estardo', 'Panel Interview', '2026-06-09', '3:30 PM', 'Department Head''s Office'),
  ('PLANTILLA-2024-001', 'ABYAN-2026-004', 'Renante Fernandez Fajardo', 'Written Examination', '2026-05-28', '9:00 AM', 'HRMO Conference Room'),
  ('PLANTILLA-2024-001', 'ABYAN-2026-004', 'Renante Fernandez Fajardo', 'Panel Interview', '2026-06-08', '3:30 PM', 'HRMO Interview Room'),
  ('PLANTILLA-2024-001', 'ABYAN-2026-005', 'Cherry Camino Fajardo', 'Written Examination', '2026-05-28', '9:00 AM', 'HRMO Conference Room'),
  ('PLANTILLA-2024-002', 'ABYAN-2026-006', 'Vanessa Arnaiz Camino', 'Written Examination', '2026-05-19', '1:00 PM', 'City Health Office Training Room'),
  ('PLANTILLA-2024-002', 'ABYAN-2026-007', 'Marife Betita Delfin', 'Written Examination', '2026-05-25', '8:00 AM', 'City Engineer''s Office Conf. Room'),
  ('PLANTILLA-2024-002', 'ABYAN-2026-010', 'Nathaniel Betita Cadigal', 'Written Examination', '2026-05-26', '8:00 AM', 'City Health Office Training Room'),
  ('PLANTILLA-2024-003', 'ABYAN-2026-011', 'Lorna Ledesma Solinap', 'Written Examination', '2026-05-18', '9:00 AM', 'HRMO Conference Room'),
  ('PLANTILLA-2024-003', 'ABYAN-2026-012', 'Jonalyn Alarcon Estardo', 'Written Examination', '2026-05-20', '2:00 PM', 'City Health Office Training Room'),
  ('PLANTILLA-2024-003', 'ABYAN-2026-015', 'Rowena Camino Palma', 'Written Examination', '2026-05-20', '2:00 PM', 'City Health Office Training Room'),
  ('PLANTILLA-2024-003', 'ABYAN-2026-015', 'Rowena Camino Palma', 'Panel Interview', '2026-06-05', '3:30 PM', 'Department Head''s Office'),
  ('PLANTILLA-2024-004', 'ABYAN-2026-016', 'Jose Distura Distura', 'Written Examination', '2026-05-20', '2:00 PM', 'City Health Office Training Room'),
  ('PLANTILLA-2024-004', 'ABYAN-2026-017', 'Michael Fajardo Sumagaysay', 'Written Examination', '2026-05-28', '9:00 AM', 'Roxas City Hall - Session Hall'),
  ('PLANTILLA-2024-004', 'ABYAN-2026-019', 'Precious Distura Belderol', 'Written Examination', '2026-05-28', '8:00 AM', 'HRMO Conference Room'),
  ('PLANTILLA-2024-004', 'ABYAN-2026-020', 'Ronald Dolar Camba', 'Written Examination', '2026-05-29', '1:00 PM', 'Roxas City Hall - Session Hall'),
  ('PLANTILLA-2024-005', 'ABYAN-2026-021', 'Christian Duran Alarcon', 'Written Examination', '2026-05-22', '1:00 PM', 'HRMO Conference Room'),
  ('PLANTILLA-2024-005', 'ABYAN-2026-022', 'Julius Sonza Camba', 'Written Examination', '2026-05-24', '1:00 PM', 'HRMO Conference Room'),
  ('PLANTILLA-2024-005', 'ABYAN-2026-023', 'Genalyn Bernal Padilla', 'Written Examination', '2026-05-24', '2:00 PM', 'City Health Office Training Room'),
  ('PLANTILLA-2024-005', 'ABYAN-2026-023', 'Genalyn Bernal Padilla', 'Panel Interview', '2026-06-05', '9:00 AM', 'Department Head''s Office'),
  ('PLANTILLA-2024-005', 'ABYAN-2026-024', 'Jayson Camino Escosio', 'Written Examination', '2026-05-25', '8:00 AM', 'City Engineer''s Office Conf. Room'),
  ('PLANTILLA-2024-005', 'ABYAN-2026-024', 'Jayson Camino Escosio', 'Panel Interview', '2026-06-04', '2:00 PM', 'Department Head''s Office'),
  ('PLANTILLA-2024-006', 'ABYAN-2026-026', 'Nathaniel Nava Gorriceta', 'Written Examination', '2026-05-21', '8:00 AM', 'City Health Office Training Room'),
  ('PLANTILLA-2024-006', 'ABYAN-2026-027', 'Vanessa Duran Delfin', 'Written Examination', '2026-05-21', '9:00 AM', 'City Health Office Training Room'),
  ('PLANTILLA-2024-006', 'ABYAN-2026-029', 'Ana Tupas Bernal', 'Written Examination', '2026-05-24', '8:00 AM', 'HRMO Conference Room'),
  ('PLANTILLA-2024-006', 'ABYAN-2026-029', 'Ana Tupas Bernal', 'Panel Interview', '2026-06-09', '2:00 PM', 'Office of the City Mayor - Board Room'),
  ('PLANTILLA-2024-006', 'ABYAN-2026-030', 'Michael Ledesma Salazar', 'Written Examination', '2026-05-27', '2:00 PM', 'City Engineer''s Office Conf. Room'),
  ('PLANTILLA-2024-007', 'ABYAN-2026-031', 'Rommel Ledesma Divinagracia', 'Written Examination', '2026-05-23', '1:00 PM', 'Roxas City Hall - Session Hall'),
  ('PLANTILLA-2024-007', 'ABYAN-2026-032', 'Rommel Bernal Bermejo', 'Written Examination', '2026-05-20', '2:00 PM', 'Roxas City Hall - Session Hall'),
  ('PLANTILLA-2024-007', 'ABYAN-2026-034', 'Aiza Gorriceta Ledesma', 'Written Examination', '2026-05-18', '9:00 AM', 'HRMO Conference Room'),
  ('PLANTILLA-2024-007', 'ABYAN-2026-034', 'Aiza Gorriceta Ledesma', 'Panel Interview', '2026-06-07', '2:00 PM', 'Department Head''s Office'),
  ('PLANTILLA-2024-008', 'ABYAN-2026-036', 'Cherry Arnaiz Cordova', 'Written Examination', '2026-05-21', '2:00 PM', 'HRMO Conference Room'),
  ('PLANTILLA-2024-008', 'ABYAN-2026-037', 'Roel Ledesma Salazar', 'Written Examination', '2026-05-19', '9:00 AM', 'HRMO Conference Room'),
  ('PLANTILLA-2024-008', 'ABYAN-2026-038', 'Alma Distura Padilla', 'Written Examination', '2026-05-19', '9:00 AM', 'Roxas City Hall - Session Hall'),
  ('PLANTILLA-2024-008', 'ABYAN-2026-038', 'Alma Distura Padilla', 'Panel Interview', '2026-06-09', '2:00 PM', 'Department Head''s Office'),
  ('PLANTILLA-2024-008', 'ABYAN-2026-039', 'Josephine Cordova Belmonte', 'Written Examination', '2026-05-22', '1:00 PM', 'HRMO Conference Room'),
  ('PLANTILLA-2024-009', 'ABYAN-2026-041', 'Cristina Salazar Legaspi', 'Written Examination', '2026-05-27', '1:00 PM', 'City Engineer''s Office Conf. Room'),
  ('PLANTILLA-2024-009', 'ABYAN-2026-042', 'Jonalyn Cabusas Tupas', 'Written Examination', '2026-05-28', '1:00 PM', 'City Engineer''s Office Conf. Room'),
  ('PLANTILLA-2024-009', 'ABYAN-2026-043', 'Divina Escosio Villanueva', 'Written Examination', '2026-05-28', '8:00 AM', 'HRMO Conference Room'),
  ('PLANTILLA-2024-009', 'ABYAN-2026-043', 'Divina Escosio Villanueva', 'Panel Interview', '2026-06-10', '3:30 PM', 'Office of the City Mayor - Board Room'),
  ('PLANTILLA-2024-010', 'ABYAN-2026-046', 'Wilfredo Sumalinog Camba', 'Written Examination', '2026-05-25', '1:00 PM', 'HRMO Conference Room'),
  ('PLANTILLA-2024-010', 'ABYAN-2026-047', 'Marife Sumalinog Fernandez', 'Written Examination', '2026-05-18', '9:00 AM', 'HRMO Conference Room'),
  ('PLANTILLA-2024-010', 'ABYAN-2026-049', 'Jennifer Alarcon Naguit', 'Written Examination', '2026-05-24', '9:00 AM', 'City Engineer''s Office Conf. Room'),
  ('PLANTILLA-2024-010', 'ABYAN-2026-049', 'Jennifer Alarcon Naguit', 'Panel Interview', '2026-06-08', '10:30 AM', 'Department Head''s Office'),
  ('PLANTILLA-2024-010', 'ABYAN-2026-050', 'Danilo Escosio Delfin', 'Written Examination', '2026-05-18', '2:00 PM', 'City Health Office Training Room'),
  ('PLANTILLA-2024-010', 'ABYAN-2026-050', 'Danilo Escosio Delfin', 'Panel Interview', '2026-06-05', '10:30 AM', 'Department Head''s Office'),
  ('PLANTILLA-2024-011', 'ABYAN-2026-051', 'Shiela Solinap Duran', 'Written Examination', '2026-05-21', '1:00 PM', 'City Health Office Training Room'),
  ('PLANTILLA-2024-011', 'ABYAN-2026-052', 'Ariel Tirol Belmonte', 'Written Examination', '2026-05-24', '2:00 PM', 'City Health Office Training Room'),
  ('PLANTILLA-2024-011', 'ABYAN-2026-053', 'Aiza Gorriceta Arnaiz', 'Written Examination', '2026-05-28', '8:00 AM', 'Roxas City Hall - Session Hall'),
  ('PLANTILLA-2024-011', 'ABYAN-2026-054', 'Grace Sumalinog Sumagaysay', 'Written Examination', '2026-05-24', '2:00 PM', 'City Engineer''s Office Conf. Room'),
  ('PLANTILLA-2024-011', 'ABYAN-2026-054', 'Grace Sumalinog Sumagaysay', 'Panel Interview', '2026-06-03', '2:00 PM', 'HRMO Interview Room'),
  ('PLANTILLA-2024-011', 'ABYAN-2026-055', 'Jose Escosio Gorriceta', 'Written Examination', '2026-05-25', '2:00 PM', 'City Engineer''s Office Conf. Room'),
  ('PLANTILLA-2024-011', 'ABYAN-2026-055', 'Jose Escosio Gorriceta', 'Panel Interview', '2026-06-05', '9:00 AM', 'Department Head''s Office'),
  ('PLANTILLA-2024-012', 'ABYAN-2026-056', 'Allan Palma Belmonte', 'Written Examination', '2026-05-25', '8:00 AM', 'City Health Office Training Room'),
  ('PLANTILLA-2024-012', 'ABYAN-2026-057', 'Vincent Legaspi Cadigal', 'Written Examination', '2026-05-28', '1:00 PM', 'Roxas City Hall - Session Hall'),
  ('PLANTILLA-2024-012', 'ABYAN-2026-058', 'Ana Camino Sonza', 'Written Examination', '2026-05-26', '2:00 PM', 'HRMO Conference Room'),
  ('PLANTILLA-2024-012', 'ABYAN-2026-059', 'Michael Cabusas Villanueva', 'Written Examination', '2026-05-21', '2:00 PM', 'HRMO Conference Room'),
  ('PLANTILLA-2024-013', 'ABYAN-2026-061', 'Editha Escosio Betita', 'Written Examination', '2026-05-18', '2:00 PM', 'City Engineer''s Office Conf. Room'),
  ('PLANTILLA-2024-013', 'ABYAN-2026-062', 'Precious Cordova Belderol', 'Written Examination', '2026-05-21', '1:00 PM', 'City Engineer''s Office Conf. Room'),
  ('PLANTILLA-2024-013', 'ABYAN-2026-063', 'Josephine Tupas Naguit', 'Written Examination', '2026-05-21', '1:00 PM', 'HRMO Conference Room'),
  ('PLANTILLA-2024-013', 'ABYAN-2026-063', 'Josephine Tupas Naguit', 'Panel Interview', '2026-06-03', '3:30 PM', 'HRMO Interview Room'),
  ('PLANTILLA-2024-013', 'ABYAN-2026-064', 'Carlo Legaspi Betita', 'Written Examination', '2026-05-20', '8:00 AM', 'Roxas City Hall - Session Hall'),
  ('PLANTILLA-2024-013', 'ABYAN-2026-064', 'Carlo Legaspi Betita', 'Panel Interview', '2026-06-02', '9:00 AM', 'Department Head''s Office'),
  ('PLANTILLA-2024-013', 'ABYAN-2026-065', 'Vincent Fernandez Villaruel', 'Written Examination', '2026-05-25', '2:00 PM', 'Roxas City Hall - Session Hall'),
  ('PLANTILLA-2024-013', 'ABYAN-2026-065', 'Vincent Fernandez Villaruel', 'Panel Interview', '2026-06-06', '9:00 AM', 'Office of the City Mayor - Board Room'),
  ('PLANTILLA-2024-014', 'ABYAN-2026-066', 'Roel Padilla Camino', 'Written Examination', '2026-05-25', '2:00 PM', 'City Health Office Training Room'),
  ('PLANTILLA-2024-014', 'ABYAN-2026-067', 'Vanessa Tirol Cabusas', 'Written Examination', '2026-05-25', '8:00 AM', 'City Health Office Training Room'),
  ('PLANTILLA-2024-015', 'ABYAN-2026-071', 'Ferdinand Sonza Escosio', 'Written Examination', '2026-05-20', '9:00 AM', 'HRMO Conference Room'),
  ('PLANTILLA-2024-015', 'ABYAN-2026-072', 'Katrina Cordova Nava', 'Written Examination', '2026-05-22', '1:00 PM', 'HRMO Conference Room'),
  ('PLANTILLA-2024-015', 'ABYAN-2026-074', 'Wilfredo Villanueva Legaspi', 'Written Examination', '2026-05-26', '1:00 PM', 'Roxas City Hall - Session Hall'),
  ('PLANTILLA-2024-015', 'ABYAN-2026-074', 'Wilfredo Villanueva Legaspi', 'Panel Interview', '2026-06-04', '2:00 PM', 'HRMO Interview Room'),
  ('PLANTILLA-2024-015', 'ABYAN-2026-075', 'Aiza Cordova Bermejo', 'Written Examination', '2026-05-22', '8:00 AM', 'City Engineer''s Office Conf. Room'),
  ('PLANTILLA-2024-015', 'ABYAN-2026-075', 'Aiza Cordova Bermejo', 'Panel Interview', '2026-06-02', '10:30 AM', 'Office of the City Mayor - Board Room'),
  ('PLANTILLA-2024-016', 'ABYAN-2026-076', 'Jennifer Ledesma Sumagaysay', 'Written Examination', '2026-05-23', '2:00 PM', 'City Engineer''s Office Conf. Room'),
  ('PLANTILLA-2024-016', 'ABYAN-2026-077', 'Jerome Fajardo Belderol', 'Written Examination', '2026-05-25', '9:00 AM', 'City Health Office Training Room'),
  ('PLANTILLA-2024-016', 'ABYAN-2026-080', 'Grace Padilla Padilla', 'Written Examination', '2026-05-26', '8:00 AM', 'Roxas City Hall - Session Hall'),
  ('PLANTILLA-2024-016', 'ABYAN-2026-080', 'Grace Padilla Padilla', 'Panel Interview', '2026-06-09', '9:00 AM', 'Office of the City Mayor - Board Room'),
  ('PLANTILLA-2024-017', 'ABYAN-2026-081', 'Genalyn Sumalinog Padilla', 'Written Examination', '2026-05-26', '2:00 PM', 'Roxas City Hall - Session Hall'),
  ('PLANTILLA-2024-017', 'ABYAN-2026-082', 'Elena Nava Fajardo', 'Written Examination', '2026-05-19', '9:00 AM', 'HRMO Conference Room'),
  ('PLANTILLA-2024-017', 'ABYAN-2026-084', 'Ferdinand Duran Tirol', 'Written Examination', '2026-05-21', '2:00 PM', 'Roxas City Hall - Session Hall'),
  ('PLANTILLA-2024-017', 'ABYAN-2026-084', 'Ferdinand Duran Tirol', 'Panel Interview', '2026-06-09', '9:00 AM', 'Department Head''s Office'),
  ('PLANTILLA-2024-018', 'ABYAN-2026-086', 'Ricardo Bernal Tirol', 'Written Examination', '2026-05-24', '1:00 PM', 'Roxas City Hall - Session Hall'),
  ('PLANTILLA-2024-018', 'ABYAN-2026-087', 'Carlo Nava Padilla', 'Written Examination', '2026-05-25', '2:00 PM', 'HRMO Conference Room'),
  ('PLANTILLA-2024-018', 'ABYAN-2026-089', 'Nathaniel Villanueva Cabusas', 'Written Examination', '2026-05-19', '2:00 PM', 'Roxas City Hall - Session Hall'),
  ('PLANTILLA-2024-018', 'ABYAN-2026-089', 'Nathaniel Villanueva Cabusas', 'Panel Interview', '2026-06-09', '10:30 AM', 'HRMO Interview Room'),
  ('PLANTILLA-2024-019', 'ABYAN-2026-091', 'Noel Distura Padilla', 'Written Examination', '2026-05-19', '8:00 AM', 'Roxas City Hall - Session Hall'),
  ('PLANTILLA-2024-019', 'ABYAN-2026-092', 'Josephine Salazar Solinap', 'Written Examination', '2026-05-24', '8:00 AM', 'City Engineer''s Office Conf. Room'),
  ('PLANTILLA-2024-019', 'ABYAN-2026-093', 'Jennifer Ledesma Ledesma', 'Written Examination', '2026-05-22', '1:00 PM', 'City Engineer''s Office Conf. Room'),
  ('PLANTILLA-2024-019', 'ABYAN-2026-093', 'Jennifer Ledesma Ledesma', 'Panel Interview', '2026-06-08', '10:30 AM', 'HRMO Interview Room'),
  ('PLANTILLA-2024-019', 'ABYAN-2026-094', 'Jonalyn Salazar Duran', 'Written Examination', '2026-05-26', '9:00 AM', 'HRMO Conference Room'),
  ('PLANTILLA-2024-019', 'ABYAN-2026-094', 'Jonalyn Salazar Duran', 'Panel Interview', '2026-06-03', '9:00 AM', 'Department Head''s Office'),
  ('PLANTILLA-2024-019', 'ABYAN-2026-095', 'Jose Alarcon Sonza', 'Written Examination', '2026-05-19', '8:00 AM', 'HRMO Conference Room'),
  ('PLANTILLA-2024-019', 'ABYAN-2026-095', 'Jose Alarcon Sonza', 'Panel Interview', '2026-06-10', '3:30 PM', 'HRMO Interview Room'),
  ('PLANTILLA-2024-020', 'ABYAN-2026-096', 'Michelle Fajardo Villaruel', 'Written Examination', '2026-05-29', '9:00 AM', 'HRMO Conference Room'),
  ('PLANTILLA-2024-020', 'ABYAN-2026-097', 'Jennifer Padilla Nava', 'Written Examination', '2026-05-23', '2:00 PM', 'City Health Office Training Room'),
  ('PLANTILLA-2024-020', 'ABYAN-2026-099', 'Jonalyn Gorriceta Camino', 'Written Examination', '2026-05-22', '9:00 AM', 'Roxas City Hall - Session Hall'),
  ('PLANTILLA-2024-021', 'ABYAN-2026-101', 'Ferdinand Gorriceta Ledesma', 'Written Examination', '2026-05-27', '8:00 AM', 'HRMO Conference Room'),
  ('PLANTILLA-2024-021', 'ABYAN-2026-102', 'Katrina Arnaiz Estardo', 'Written Examination', '2026-05-27', '8:00 AM', 'City Health Office Training Room'),
  ('PLANTILLA-2024-021', 'ABYAN-2026-103', 'Michelle Arnaiz Naguit', 'Written Examination', '2026-05-20', '1:00 PM', 'City Health Office Training Room'),
  ('PLANTILLA-2024-021', 'ABYAN-2026-104', 'Gerald Tirol Alarcon', 'Written Examination', '2026-05-27', '1:00 PM', 'HRMO Conference Room'),
  ('PLANTILLA-2024-021', 'ABYAN-2026-105', 'Vanessa Sarabia Villanueva', 'Written Examination', '2026-05-18', '9:00 AM', 'City Engineer''s Office Conf. Room'),
  ('PLANTILLA-2024-021', 'ABYAN-2026-105', 'Vanessa Sarabia Villanueva', 'Panel Interview', '2026-06-07', '9:00 AM', 'Office of the City Mayor - Board Room'),
  ('PLANTILLA-2024-022', 'ABYAN-2026-106', 'Jennifer Belmonte Delfin', 'Written Examination', '2026-05-24', '1:00 PM', 'Roxas City Hall - Session Hall'),
  ('PLANTILLA-2024-022', 'ABYAN-2026-107', 'Ariel Nava Padilla', 'Written Examination', '2026-05-20', '1:00 PM', 'HRMO Conference Room'),
  ('PLANTILLA-2024-022', 'ABYAN-2026-109', 'Rodel Betita Gorriceta', 'Written Examination', '2026-05-23', '9:00 AM', 'City Health Office Training Room'),
  ('PLANTILLA-2024-022', 'ABYAN-2026-109', 'Rodel Betita Gorriceta', 'Panel Interview', '2026-06-07', '2:00 PM', 'Department Head''s Office'),
  ('PLANTILLA-2024-022', 'ABYAN-2026-110', 'Aiza Legaspi Cadigal', 'Written Examination', '2026-05-25', '8:00 AM', 'HRMO Conference Room'),
  ('PLANTILLA-2024-023', 'ABYAN-2026-111', 'Angelica Alarcon Sarabia', 'Written Examination', '2026-05-25', '2:00 PM', 'City Health Office Training Room'),
  ('PLANTILLA-2024-023', 'ABYAN-2026-112', 'Ricardo Nava Pacete', 'Written Examination', '2026-05-26', '8:00 AM', 'HRMO Conference Room'),
  ('PLANTILLA-2024-023', 'ABYAN-2026-113', 'Mark Anthony Fajardo Bernal', 'Written Examination', '2026-05-24', '2:00 PM', 'Roxas City Hall - Session Hall'),
  ('PLANTILLA-2024-023', 'ABYAN-2026-114', 'Marites Divinagracia Cadigal', 'Written Examination', '2026-05-20', '8:00 AM', 'City Engineer''s Office Conf. Room'),
  ('PLANTILLA-2024-023', 'ABYAN-2026-114', 'Marites Divinagracia Cadigal', 'Panel Interview', '2026-06-01', '2:00 PM', 'Office of the City Mayor - Board Room'),
  ('PLANTILLA-2024-024', 'ABYAN-2026-116', 'Cristina Cordova Alarcon', 'Written Examination', '2026-05-27', '2:00 PM', 'City Health Office Training Room'),
  ('PLANTILLA-2024-024', 'ABYAN-2026-117', 'Gerald Fernandez Cordova', 'Written Examination', '2026-05-27', '1:00 PM', 'HRMO Conference Room'),
  ('PLANTILLA-2024-024', 'ABYAN-2026-118', 'Cristina Belmonte Delfin', 'Written Examination', '2026-05-20', '2:00 PM', 'Roxas City Hall - Session Hall'),
  ('PLANTILLA-2024-024', 'ABYAN-2026-119', 'Divina Distura Villanueva', 'Written Examination', '2026-05-26', '8:00 AM', 'Roxas City Hall - Session Hall'),
  ('PLANTILLA-2024-024', 'ABYAN-2026-119', 'Divina Distura Villanueva', 'Panel Interview', '2026-06-06', '9:00 AM', 'HRMO Interview Room'),
  ('PLANTILLA-2024-024', 'ABYAN-2026-120', 'Ferdinand Fernandez Camino', 'Written Examination', '2026-05-20', '9:00 AM', 'Roxas City Hall - Session Hall'),
  ('PLANTILLA-2024-024', 'ABYAN-2026-120', 'Ferdinand Fernandez Camino', 'Panel Interview', '2026-06-09', '9:00 AM', 'HRMO Interview Room'),
  ('PLANTILLA-2024-025', 'ABYAN-2026-121', 'Alma Delfin Fajardo', 'Written Examination', '2026-05-23', '1:00 PM', 'City Health Office Training Room'),
  ('PLANTILLA-2024-025', 'ABYAN-2026-122', 'Liezel Sarabia Gorriceta', 'Written Examination', '2026-05-19', '2:00 PM', 'City Health Office Training Room'),
  ('PLANTILLA-2024-025', 'ABYAN-2026-125', 'Carlo Cabusas Palma', 'Written Examination', '2026-05-22', '8:00 AM', 'HRMO Conference Room'),
  ('PLANTILLA-2024-025', 'ABYAN-2026-125', 'Carlo Cabusas Palma', 'Panel Interview', '2026-06-01', '2:00 PM', 'Office of the City Mayor - Board Room'),
  ('PLANTILLA-2024-026', 'ABYAN-2026-126', 'Noel Betita Gorriceta', 'Written Examination', '2026-05-20', '1:00 PM', 'Roxas City Hall - Session Hall'),
  ('PLANTILLA-2024-026', 'ABYAN-2026-127', 'Rafael Alarcon Legaspi', 'Written Examination', '2026-05-22', '9:00 AM', 'HRMO Conference Room'),
  ('PLANTILLA-2024-026', 'ABYAN-2026-128', 'Editha Delfin Distura', 'Written Examination', '2026-05-26', '1:00 PM', 'City Health Office Training Room'),
  ('PLANTILLA-2024-026', 'ABYAN-2026-129', 'Katrina Sonza Sonza', 'Written Examination', '2026-05-23', '8:00 AM', 'City Engineer''s Office Conf. Room'),
  ('PLANTILLA-2024-026', 'ABYAN-2026-129', 'Katrina Sonza Sonza', 'Panel Interview', '2026-06-07', '3:30 PM', 'Department Head''s Office'),
  ('PLANTILLA-2024-027', 'ABYAN-2026-131', 'Alma Betita Salazar', 'Written Examination', '2026-05-26', '9:00 AM', 'Roxas City Hall - Session Hall'),
  ('PLANTILLA-2024-027', 'ABYAN-2026-132', 'Juan Tupas Delfin', 'Written Examination', '2026-05-18', '9:00 AM', 'Roxas City Hall - Session Hall'),
  ('PLANTILLA-2024-027', 'ABYAN-2026-133', 'Rodel Duran Dolar', 'Written Examination', '2026-05-27', '2:00 PM', 'Roxas City Hall - Session Hall'),
  ('PLANTILLA-2024-027', 'ABYAN-2026-134', 'Jennifer Palma Fajardo', 'Written Examination', '2026-05-24', '2:00 PM', 'Roxas City Hall - Session Hall'),
  ('PLANTILLA-2024-027', 'ABYAN-2026-134', 'Jennifer Palma Fajardo', 'Panel Interview', '2026-06-07', '2:00 PM', 'Department Head''s Office'),
  ('PLANTILLA-2024-027', 'ABYAN-2026-135', 'Gerald Legaspi Dolar', 'Written Examination', '2026-05-29', '9:00 AM', 'Roxas City Hall - Session Hall'),
  ('PLANTILLA-2024-028', 'ABYAN-2026-136', 'Alvin Cabusas Sarabia', 'Written Examination', '2026-05-27', '8:00 AM', 'HRMO Conference Room'),
  ('PLANTILLA-2024-028', 'ABYAN-2026-137', 'Renante Nava Pacete', 'Written Examination', '2026-05-27', '8:00 AM', 'HRMO Conference Room'),
  ('PLANTILLA-2024-028', 'ABYAN-2026-138', 'Genalyn Dolar Belmonte', 'Written Examination', '2026-05-20', '2:00 PM', 'City Engineer''s Office Conf. Room'),
  ('PLANTILLA-2024-028', 'ABYAN-2026-138', 'Genalyn Dolar Belmonte', 'Panel Interview', '2026-06-07', '2:00 PM', 'Office of the City Mayor - Board Room'),
  ('PLANTILLA-2024-028', 'ABYAN-2026-139', 'Grace Bernal Delgado', 'Written Examination', '2026-05-24', '1:00 PM', 'HRMO Conference Room'),
  ('PLANTILLA-2024-029', 'ABYAN-2026-141', 'Cristina Villanueva Sarabia', 'Written Examination', '2026-05-22', '1:00 PM', 'Roxas City Hall - Session Hall'),
  ('PLANTILLA-2024-029', 'ABYAN-2026-142', 'Rafael Fernandez Gorriceta', 'Written Examination', '2026-05-23', '8:00 AM', 'City Engineer''s Office Conf. Room'),
  ('PLANTILLA-2024-029', 'ABYAN-2026-143', 'Charmaine Sonza Fajardo', 'Written Examination', '2026-05-25', '2:00 PM', 'City Engineer''s Office Conf. Room'),
  ('PLANTILLA-2024-030', 'ABYAN-2026-146', 'Grace Delfin Sumagaysay', 'Written Examination', '2026-05-18', '8:00 AM', 'City Engineer''s Office Conf. Room'),
  ('PLANTILLA-2024-030', 'ABYAN-2026-147', 'Rodel Solinap Duran', 'Written Examination', '2026-05-18', '8:00 AM', 'City Health Office Training Room'),
  ('PLANTILLA-2024-030', 'ABYAN-2026-149', 'Charmaine Delfin Distura', 'Written Examination', '2026-05-21', '2:00 PM', 'City Engineer''s Office Conf. Room'),
  ('PLANTILLA-2024-030', 'ABYAN-2026-149', 'Charmaine Delfin Distura', 'Panel Interview', '2026-06-08', '9:00 AM', 'HRMO Interview Room'),
  ('PLANTILLA-2024-030', 'ABYAN-2026-150', 'Vanessa Belmonte Belmonte', 'Written Examination', '2026-05-19', '9:00 AM', 'City Engineer''s Office Conf. Room'),
  ('PLANTILLA-2024-030', 'ABYAN-2026-150', 'Vanessa Belmonte Belmonte', 'Panel Interview', '2026-06-04', '10:30 AM', 'HRMO Interview Room');

-- ── Regenerate employee login accounts from the freshly seeded employees ─────
-- The TRUNCATE above wipes employee_portal_accounts; without this step every
-- employee login would break. Creates one account per seeded employee:
--   username = employee_number   password = 'cictrix123'
-- employee_id is set to the employee_number so login resolves the Supabase
-- employees row (and thus supabaseId) — which the IPCR Workspace needs to save.
INSERT INTO employee_portal_accounts (id, username, password, employee_id, full_name, email)
SELECT
  'portal-' || e.employee_number,
  e.employee_number,
  'cictrix123',
  e.employee_number,
  btrim(concat_ws(' ', e.first_name, e.middle_name, e.last_name)),
  e.email
FROM employees e
ON CONFLICT (id) DO NOTHING;

-- ── Seed one Supervisor office-role assignment per department ────────────────
-- office_role_assignments is TRUNCATEd above; the employee-portal "Switch
-- Account" icon is gated by an ACTIVE assignment for the logged-in employee, so
-- without this it would never appear. Makes the first employee (by number) in
-- each department a Supervisor, so switching to the Office dashboard is testable.
-- Log in as that employee (username = employee_number, password = 'cictrix123').
INSERT INTO office_role_assignments
  (employee_id, employee_name, office_name, role, account_username, account_password,
   must_change_password, status, assigned_by, assigned_at)
SELECT
  e.id,
  btrim(concat_ws(' ', e.first_name, e.middle_name, e.last_name)),
  e.department,
  'Supervisor',
  lower(replace(e.employee_number, '-', '_')) || '_office',
  'office123',
  false,
  'Active',
  'seed',
  now()
FROM (
  SELECT DISTINCT ON (department)
    id, first_name, middle_name, last_name, department, employee_number
  FROM employees
  WHERE department IS NOT NULL
  ORDER BY department, employee_number
) e;

COMMIT;
